1.03178,0,1.39929,0,1.08664,0
1.123188906684235,0.01960534369690352,1.384869045426399,0.02417298946705164,1.080015483213018,0.01885174846400196
1.091834477947967,0.03812771648144993,1.369815036338106,0.04783501564787125,1.073965369970201,0.03750371321308533
1.042808904145732,0.05465132234794089,1.357806617922917,0.07115966009425495,1.067345231785796,0.05593721734342939
1.097380306832854,0.07673633934083021,1.34915549695116,0.09434218328228079,1.058934188416278,0.07404792369241503
1.067572044716815,0.09340049164302509,1.340320190214894,0.1172628726507644,1.045516294173232,0.09147086267370061
1.020200424448772,0.1072276380162545,1.331107851376669,0.1399054023381058,1.051259342441729,0.1104920695298219
1.085458403245754,0.133277480930496,1.321327072101489,0.1622385004606055,1.064813443170854,0.1307425995711866
1.131529862841751,0.1590257589113431,1.310263355113494,0.1841450511057232,1.073826939717619,0.1509161619465998
1.076422198490196,0.170488932771408,1.298987876211495,0.2057399568765143,1.071483757074528,0.169706758632216
1.059229660936778,0.1867708496842,1.286877818120546,0.226911379461899,1.067058882469963,0.1881513532822824
1.123580337996326,0.2184016395727418,1.274888358456355,0.2478129051773952,1.065831208350138,0.2071763589478438
1.0577002349928,0.2248216666519814,1.262935143213408,0.2684457981353573,1.066943728857469,0.2267864366573094
1.170081982716403,0.2701349539072118,1.252406505741326,0.2891410847264749,1.107429990403673,0.2556705887553758
1.174931122858996,0.2929431114351344,1.246888255629022,0.3108840323567873,1.124504852766518,0.2803704353253945
1.148891615686511,0.307844103086672,1.239727289829505,0.3321834108621178,1.112031882325211,0.2979675826197323
1.157820381389767,0.3320000524675461,1.230616722950148,0.3528740926951691,1.094723169452314,0.3139071962607434
1.108577153049471,0.3389260813757624,1.223152024909979,0.3739551384305574,1.085463267289781,0.3318594566448184
1.015233897548538,0.3298691917539497,1.216591600539673,0.3952942163709413,1.081294288866148,0.3513334946535163
1.122462750959287,0.3864954751467475,1.198860640237308,0.4128014158040055,1.084178709661427,0.3733132036465943
1.077611248062321,0.3922186009734464,1.180704919875254,0.4297416463206361,1.077451500325485,0.3921604575251825
1.060799489412897,0.4072025984216426,1.133021275168907,0.4349259326766157,1.071498321687507,0.4113094935943674
1.122513874690611,0.4535244756648439,1.085955008873294,0.4387537536056001,1.064852300630785,0.43022771672839
1.082817349223665,0.4596290429468483,1.042048193972064,0.4423235501751635,1.057429828297064,0.4488526715166594
1.107947941130858,0.4932901780330646,1.000971767065535,0.4456613193196148,1.060754182358744,0.4722781640182327
0.9805979794618158,0.4572599737298296,0.9624446318379259,0.448794935629135,1.057978549612975,0.4933430966972435
1.091225641658275,0.5322268397849602,0.9314740186055267,0.4543106891356078,1.049899099360732,0.5120705181530416
1.079365247326602,0.549964201438223,0.9033112773585793,0.4602602006439532,1.041497472015904,0.5306696013382358
1.014445080648683,0.5393897693205594,0.8763326382847201,0.4659541148449511,1.04188709461521,0.5539809402626386
1.008742909344867,0.5591546882093122,0.8551858862437457,0.4740367373627271,1.038891058722868,0.5758660612552869
0.8506862516190381,0.4911441908954544,0.8360954575064381,0.4827201876212551,1.030041821556578,0.5946952311431519
0.9821337616697812,0.5901254089499669,0.8235680905574748,0.4948495563497204,0.8674790588350995,0.5212339238600747
0.9162398500445111,0.5725297418391574,0.8142900290943152,0.5088244744178284,0.8544425713514746,0.5339145473409397
0.8383508456273366,0.5444318183178952,0.8045524293519541,0.5224828534840823,0.8410522029182301,0.5461861015866224
0.8601596115119885,0.580185051792568,0.7944127892295144,0.5358382550113262,0.8273247506164628,0.5580376558740526
0.7617165065967898,0.5333593695005111,0.7828973245386762,0.5481903303700116,0.8132780406244049,0.5694631260047737
0.8097205630829232,0.588297005449351,0.768619277714329,0.5584351442037859,0.7989242349740363,0.5804530061909843
0.7838933927528646,0.5907062582023346,0.7654305394908402,0.5767934952335726,0.784225625080791,0.5909566133106919
0.7850479041728349,0.6133464973029841,0.7726580099733352,0.6036664533606662,0.7692238587985328,0.6009834010487268
0.7280414574389723,0.5895558555778554,0.77563777758454,0.6280985634951856,0.7539647238459558,0.6105480852782127
0.7267308598446114,0.609799966996975,0.7672162984991501,0.6437713042822453,0.7384643596340451,0.619645548325234
0.7377482328313718,0.6413147633028481,0.7583623701858321,0.6592343597584451,0.7227408329158178,0.6282690294110874
0.6557400155961803,0.5904306226568208,0.7518323819857542,0.6769525282452433,0.7068096842915742,0.6364139324587773
0.6732583556138254,0.6278241042052845,0.7477722982052933,0.6973095385384988,0.6906879701776951,0.6440774964713606
0.6206801113088555,0.5993839711192041,0.7850010394300818,0.7580668878757937,0.6743399763639526,0.6512027138506594
0.6586601748036979,0.6586599595569493,0.7759578952601907,0.7759576416811519,0.6578074038862464,0.6578071889181789
0.6538495838624618,0.67708044698683,0.7552885096164129,0.7821234337631227,0.6411373296814041,0.6639165344363691
0.6264848885445339,0.6718231306150027,0.7407659589141069,0.7943746364367783,0.6243475062606954,0.6695310675764424
0.597884283112551,0.6640177125521509,0.7295932811369378,0.8102953620253773,0.6074568660025553,0.6746491420333636
0.6032386358637082,0.6939462013335707,0.7229576455187348,0.8316670750282275,0.5904835313289429,0.6792731419284155
0.5825317967211374,0.6942348888451541,0.714708796774725,0.8517574231627364,0.5734267142882403,0.6833838659030463
0.5754687579619161,0.7106448512799973,0.7023277789451975,0.8673027216732954,0.5562537203954663,0.6869162520731348
0.5345777720998002,0.684228048519508,0.6917204808314766,0.8853614561286655,0.5390517852494899,0.6899545217217856
0.5230774136231962,0.6941478900394842,0.6776191970509395,0.8992319752922714,0.5218364718629923,0.6925011030017095
0.4593681525789542,0.6322662911876599,0.6712446918631289,0.9238894542885385,0.5046281920873148,0.6945614180010923
0.5304206123938162,0.757518997483079,0.6628766355999497,0.9466857673355461,0.4874430981565478,0.6961407577642226
0.4669559754654091,0.692290134110077,0.6499055434869496,0.9635237998850537,0.4702719912566342,0.6972063256515394
0.4435554411220667,0.683015971306681,0.6355008458520672,0.9785861861999214,0.4530991461363925,0.6977119987835039
0.4095874207611495,0.6554754829001838,0.6280135902518698,1.005029672476866,0.4360028770874612,0.6977489588759386
0.3824818311702513,0.6365505234886319,0.6172620565247926,1.027286666162266,0.4189998346194635,0.6973261010924962
0.3685829366654632,0.6384079834714342,0.6009074512673309,1.040808122283546,0.402097794513102,0.6964577483585772
0.3843178975135758,0.6933264607490072,0.5551563411488015,1.001526558251091,0.3853272726793008,0.6951474181276455
0.3486506040898429,0.6557098753174209,0.4885499928417619,0.9188197328063401,0.3686150376018462,0.6932571391264496
0.3762795010408748,0.7384947959582588,0.4696190227702777,0.9216850863241138,0.3520496963520389,0.6909408244549147
0.3498803110282905,0.7173596325768176,0.4535701452028744,0.9299549087351727,0.3356625985988542,0.6882090555280891
0.3320231750166069,0.7120185351385816,0.4372826531648392,0.9377458490130037,0.3194611616766967,0.6850794928978501
0.2790932679254304,0.6268582874619303,0.4207665115601536,0.9450639093466109,0.3034415962787658,0.6815459247796839
0.2890457137318848,0.680947894774795,0.4040517226825161,0.9518846219460061,0.2875722645676575,0.6774766718547799
0.2216126521738819,0.5485044166827265,0.3871484048570473,0.9582151916540689,0.2719306690382354,0.6730444834076107
0.2616091924972158,0.6815209831325479,0.3700551972193075,0.9640348621346532,0.256522196773205,0.6682687946527573
0.2413317811271233,0.6630526364128343,0.3527839789899659,0.9692645794972637,0.2413721395568603,0.6631635201228605
0.2487748844696796,0.7224858798247186,0.3353746824649388,0.9739868759185318,0.2264292696023537,0.6575902966067433
0.1964125154287908,0.6045016094957357,0.3178334648906224,0.9782006032484449,0.2117349845175977,0.6516597918824919
0.2033956287897372,0.6652762828067956,0.3001929953683228,0.9818858019300383,0.1973327097296418,0.6454453932283947
0.181448866000594,0.6327786875575839,0.2824657287518513,0.9850615055318553,0.1832242687865055,0.6389701676672006
0.1810273601336228,0.6756115777716154,0.2646549793525105,0.9877179230447942,0.1693627778456023,0.6320782310010535
0.1529663889382255,0.6135140711273047,0.2467944317399467,0.9898374250664382,0.1558014742652986,0.6248849660871667
0.1273294141936554,0.551515418469965,0.228873195239255,0.991342784762654,0.1425599578075746,0.6174850900336805
0.1488976776372405,0.7005194630809599,0.2109211722180158,0.9923216309292959,0.1296341163496103,0.6098901139576339
0.1054166864476732,0.5423215217953211,0.1929766938518492,0.9927784472026021,0.1169902125566591,0.6018621173449511
0.09197470523613412,0.5216040983329466,0.1750459493500065,0.9927151638391322,0.1046846078430265,0.5936841041578861
0.09056412241326377,0.5718115996134701,0.1571351402550587,0.9921334576038765,0.09271411282408061,0.5853863952743039
0.08410090518162999,0.5984090923838227,0.1392788592721509,0.9910206743352272,0.08106080825335463,0.576777676649602
0.07362006783520622,0.5995710825981684,0.1214868713444177,0.9894043447023795,0.06974122865492183,0.5679813289490262
0.05722527188721309,0.5444800489443434,0.1037520909507162,0.9871677616536889,0.05876482140349912,0.5591283672193845
0.05009643307853497,0.572605745903591,0.08612577680187301,0.984423673235398,0.04812340443686418,0.5500538900602431
0.03637573673531581,0.5201736737984373,0.06861382096531603,0.981178844144909,0.03781843549380774,0.5408042913677744
0.0320612941999474,0.6118075024247615,0.05122186426397308,0.9774377992805081,0.02785628036399591,0.5315656071166402
0.01910555328044773,0.5471155137947086,0.0339848785631173,0.9732067961276525,0.01823275822192956,0.5221217483763922
0.01004017722196977,0.5751013654672986,0.01690807255466159,0.9684944198323944,0.008948898008418913,0.5125928905724648
-2.060671736182531e-06,0.5610009999962153,-3.538251547849621e-06,0.9632599999935016,-1.848165801338622e-06,0.5031479999966056
-0.008749431211156129,0.5012436432050598,-0.01671334738211495,0.9574861416455513,-0.008613020227460294,0.4934288336716465
-0.01680616122990235,0.4813056718403748,-0.0332157227526254,0.9512532657767966,-0.01689326311015923,0.4838001515982513
-0.02569159273780313,0.4901891931760582,-0.0495064391786849,0.9445705342476268,-0.02485180150222561,0.4741661854783552
-0.02388255623723656,0.3415339967434797,-0.0655532110206327,0.9374478149176542,-0.03247570879587657,0.4644209150794195
-0.04215911333059888,0.481896352271085,-0.08135284706221396,0.9298971716678527,-0.03979500203002476,0.4548735682961039
-0.04145575688170566,0.3944103144066657,-0.09690013869606534,0.921908488565803,-0.04678335313578869,0.4450970964524169
-0.0628476093737227,0.5118500558093239,-0.112152297093782,0.9134024364433172,-0.05347763716792107,0.4355381508018973
-0.05603253224807255,0.3986998987382223,-0.1271167672521714,0.9045003000576382,-0.05985735399914623,0.425915446272169
-0.0592501265107085,0.3740807934717646,-0.1417914360775719,0.8952124837372744,-0.06595398365791978,0.4164061748445271
-0.0751279872332439,0.4260701244904195,-0.1561480557778951,0.8855557564409954,-0.07175694085976979,0.4069520541027499
-0.07651149747725471,0.3936228789765504,-0.1701860394146682,0.8755431667761157,-0.07727567750018896,0.397554297790738
-0.08229888056193319,0.387177865899192,-0.1838948389018764,0.865139486585402,-0.08253382537390955,0.3882831717099635
-0.07720236817167501,0.3343988671836152,-0.1972344538160582,0.8543128855711362,-0.0875116889104378,0.3790532639089693
-0.08134593100364995,0.3262640755785862,-0.2102234885427677,0.8431690596943823,-0.09224489036620076,0.3699778650369878
-0.1235906588231608,0.4612387116793831,-0.2228635853480868,0.8317239665602982,-0.09672325933456989,0.3609699304924131
-0.09015191957700615,0.3143959283333374,-0.2351310554438812,0.819996366168684,-0.1009627297429352,0.3520975625758506
-0.09555571024481271,0.312551215744891,-0.2470285502776255,0.8080006261809051,-0.104976148083819,0.343364332950416
-0.1033033104716829,0.3179301296033313,-0.2585110555097502,0.7956032871244531,-0.1087528990953058,0.3347019872474112
-0.138372448509448,0.4018613141153303,-0.2695963738964752,0.7829618848391484,-0.1123500272018023,0.3262869889096933
-0.1306704082505567,0.3590164281152505,-0.2802910132255253,0.7700984465287595,-0.1156842012753812,0.3178418839223004
-0.09105520322208552,0.2372037022607039,-0.2906004161711152,0.7570297155470019,-0.1188924789646939,0.3097213029396425
-0.1204082931678324,0.2980199214170243,-0.3005069584027272,0.7437781715219542,-0.1218381709154301,0.3015589804200539
-0.1368013390272033,0.3222855993747846,-0.3099467487704346,0.730192952876592,-0.1246457524617131,0.2936486684070836
-0.1362134578404655,0.305936604549282,-0.3189865457654305,0.7164465410068214,-0.1272899693769043,0.2858943722723949
-0.1646073347736529,0.3530003149966223,-0.3276137869021168,0.7025675382734776,-0.1297238990776274,0.2781928113954377
-0.1435686120034007,0.2943607203473605,-0.3358374352453917,0.688572160578539,-0.1320675521616841,0.2707799375249593
-0.1158744431597283,0.2274137148709877,-0.3436286296348762,0.6744011972818977,-0.1342022113964306,0.2633835607347348
-0.1595973027972043,0.3001577975663092,-0.3509525674859212,0.660043420913382,-0.1362086337927803,0.2561702661147547
-0.1626724888338734,0.2934701909506199,-0.3578722033139621,0.6456213007825951,-0.138142656570872,0.2492170132325281
-0.1193125121065482,0.2066529955839614,-0.3643985911276088,0.6311497353760149,-0.1398506863281806,0.2422257544823358
-0.1046611667843395,0.174184799185637,-0.3705034146374861,0.6166189892494093,-0.1414797919992014,0.2354610589139162
-0.1756470949129695,0.281095166393224,-0.3761203103939024,0.6019205799357541,-0.1430523789101763,0.2289325210452621
-0.1191426877339371,0.1834656507593003,-0.3813467922811611,0.5872289667249642,-0.1444153790714389,0.2223826069809701
-0.1457953839692436,0.2161497402016964,-0.3861980616162325,0.5725600386796695,-0.1457143007905737,0.2160295298937491
-0.09815993119567779,0.1401873770232534,-0.3906276231411349,0.5578759195727195,-0.1469677353827618,0.2098923774639339
-0.160054617453934,0.2202985320892422,-0.3945875940600089,0.5431087783335247,-0.1480697562886669,0.2038026173571252
-0.1864523809500501,0.2474297142504461,-0.3981900821728309,0.5284140526785734,-0.1490753635472537,0.1978289277741103
-0.123089587152227,0.1575479555427309,-0.4014388611283944,0.513819838943513,-0.1500462750768623,0.1920510452758812
-0.1603039578938852,0.1979608183771614,-0.4042271151550703,0.4991837480351394,-0.1509680444832307,0.1864318138325894
-0.1488063242165851,0.1773397611201407,-0.4066354683952904,0.4846073391560871,-0.1517143021983469,0.1808053404451005
-0.1554273645822251,0.178799206541931,-0.4087189059005685,0.4701785703575209,-0.1524357399531663,0.1753577269068308
-0.2098128563441129,0.2330229455584249,-0.4104265522382387,0.4558290936237313,-0.1531351078166391,0.1700753448268923
-0.103679669602116,0.1111823665883941,-0.4117124228839307,0.4415056655344792,-0.1537718796795768,0.1648994596831953
-0.08125686744900147,0.08414415112398131,-0.4127113085175821,0.4273760951500507,-0.1542716235546069,0.1597533256455891
-0.1594829757418786,0.1594844079667833,-0.4133918599432805,0.4133955723778802,-0.154755988134873,0.15475737790942
-0.1667771317927786,0.1610540894233181,-0.4136464477886729,0.3994519588846857,-0.1552288259108769,0.1499020695498587
-0.1928329117429858,0.1798199869445047,-0.4136590897010867,0.3857441732180388,-0.1556772555408564,0.1451717023089104
-0.07741086259663892,0.0697016659847115,-0.4133726834734647,0.3722057053001025,-0.1559698794332176,0.1404371437711105
-0.1435777519817419,0.1248096458606841,-0.412703962113728,0.3587563856220968,-0.1562561440063279,0.1358307518247385
-0.1737839373832583,0.1458223199259008,-0.4118473786423452,0.3455816522132342,-0.1565341624041029,0.131348012095524
-0.1349315036895382,0.1092663257233451,-0.4106580571900693,0.3325472244131318,-0.1568042015806372,0.1269786409860293
-0.1357579657713931,0.1060652090490245,-0.4091934952025993,0.3196953737745987,-0.1570059286052837,0.1226658527537006
-0.127669792751158,0.09620625561197345,-0.4076009474915175,0.3071498754484807,-0.1571210560270522,0.1183994126756713
-0.1628352167935641,0.1183077357901543,-0.4055768027652734,0.2946713503934486,-0.1572327908893558,0.1142372998199104
-0.07516708400688912,0.05263226931751349,-0.4034585056869693,0.2825031329911896,-0.1573438285729401,0.1101727287989602
-0.1323416916274524,0.08926573444600282,-0.4010865280109891,0.2705366922472626,-0.1574507405980328,0.1062020276884156
-0.1818325321194525,0.118084461230207,-0.3984899304298647,0.2587846530650564,-0.1575086328290084,0.1022881979914429
-0.147682737469068,0.09228186056664835,-0.3958025250040249,0.2473233774665029,-0.157478557597842,0.0984029314700694
-0.1933091588179739,0.1161520148688233,-0.3927873485289154,0.2360107623745669,-0.1574487202410398,0.09460486097161595
-0.122551846524791,0.07075597525555051,-0.3897893672872759,0.2250470116015432,-0.1574188172403863,0.09088661046951775
-0.09322236231554695,0.05167365441217499,-0.3864329566689415,0.2142018562970453,-0.1573906870111424,0.0872425002573896
-0.09206403989379547,0.04895137300866684,-0.3831126321149876,0.2037048274291166,-0.1573624130473276,0.08367117266969702
-0.1103972791082039,0.05625074550177376,-0.3795119196745093,0.1933727767654195,-0.1572436394871489,0.080120379940659
-0.1249388438740355,0.06093628919141177,-0.3759301390487825,0.1833520061378196,-0.1570941459698832,0.07661936041884598
-0.09815221143971131,0.04576916855803921,-0.3721145110255034,0.1735200004992236,-0.1569471071703126,0.07318570307696992
-0.1354730909578319,0.06031709593747862,-0.3683272295428909,0.1639914516133648,-0.1568025158009372,0.06981366057224637
-0.1571239399948595,0.06669458545857983,-0.3643215683532743,0.1546440088998293,-0.1566609254493455,0.06649804912442632
-0.09016250249636758,0.0364280384752255,-0.3603907694025826,0.1456074138408293,-0.1565216014292157,0.0632388716062655
-0.189386803676631,0.0726995454879136,-0.3562155339077085,0.1367397670169368,-0.156320363111798,0.06000639499749695
-0.1701371851099036,0.06192425517419171,-0.3521915659027107,0.1281859717090625,-0.1560718495964434,0.05680494263305913
-0.1215407357763541,0.04184984447931058,-0.347880855981227,0.119785022092784,-0.1558261837162531,0.05365527460957167
-0.1581510139847074,0.05138697184704379,-0.34371334870468,0.111680524381895,-0.1555850663286202,0.05055323530219248
-0.1391051872696635,0.04252821881612078,-0.3393929023037348,0.1037615914770369,-0.1553470837270504,0.04749380593825658
-0.1303807311278974,0.03738606927125308,-0.3351025586043641,0.09608910274223999,-0.1551120722305519,0.04447766650066141
-0.1114996183358248,0.02987662296788896,-0.3308273741545601,0.08864608572293915,-0.1548802751590923,0.04150058677469344
-0.1294006896867251,0.03226274248417024,-0.3264320198246613,0.08138745024997354,-0.1545663012381033,0.03853714215626153
-0.1838236883829249,0.04243901354057763,-0.3221881398277479,0.07438294242187236,-0.1542349916066021,0.0356079292870476
-0.1418117444035571,0.03014348269892161,-0.3177715768804525,0.06754547777542669,-0.1539075095525045,0.03271455668881583
-0.1899754220528405,0.03692677858743088,-0.313439666585737,0.06092533993850186,-0.1535845138968194,0.02985323721269899
-0.1827655555957911,0.03222644741143174,-0.3091882873278735,0.0545181505854368,-0.1532646531336982,0.02702465061397047
-0.1690398155473589,0.02677380004248302,-0.3047807223124216,0.04827346793755901,-0.1529474171137719,0.02422496468987868
-0.2390072638304137,0.03358938183859619,-0.3005217578636321,0.04223444891972016,-0.1526340575881146,0.02145074404742449
-0.2147740945066586,0.02637085697972055,-0.2962730555072559,0.03637763852141129,-0.1522734603138268,0.01869676905386085
-0.1345199851084622,0.01413901437226466,-0.2919507641408466,0.0306861173590883,-0.1518664307229542,0.01596225010674127
-0.1004045046898493,0.008783870558359972,-0.2877688659438365,0.02517540898174711,-0.1514644809556571,0.01325084366496731
-0.1263843867841123,0.008837591651796255,-0.2835964965267892,0.01983085168949749,-0.1510651198429689,0.01056342382134857
-0.1943422668543053,0.01018558760847821,-0.2793625771851481,0.01464154993407984,-0.150668209135463,0.00789660565764764
-0.1631475767355329,0.005696596731681423,-0.2752602544923604,0.009611216405897511,-0.1502744217254537,0.005247106924819499
-0.1322598545902973,0.002308519818715576,-0.2712276874422087,0.004734123546289352,-0.1498841701093718,0.002616142126279074
-0.1281449999995488,3.400442640691856e-07,-0.2670819999990597,7.087260691882338e-07,-0.1494949999994737,3.966984061572663e-07
-0.1876114082420473,-0.003275530099980004,-0.2630619096743718,-0.004592829462614256,-0.1490372868927711,-0.002602059884369108
-0.07910198173356904,-0.002762362369804242,-0.2591580248088089,-0.009050195202136657,-0.1485604418773013,-0.005187958193836154
-0.1998048251880127,-0.01047082005325754,-0.2551668566794388,-0.01337208066587801,-0.1480857947226106,-0.007760471788031266
-0.1232120925561085,-0.008616345916045201,-0.2512264570476822,-0.01756851955257198,-0.1476134996631739,-0.01032276092865425
-0.2037128342556297,-0.01782274503375826,-0.2473969645838281,-0.02164465011747996,-0.1471429265039918,-0.0128734690290099
-0.1873699615662401,-0.0196929202168119,-0.2436589205724482,-0.02560899112556732,-0.1466741153051041,-0.01541571352435671
-0.1084584383804483,-0.01331749499998037,-0.2397970385716467,-0.02944442046072916,-0.1462059411491727,-0.01795247026691962
-0.1790850035653978,-0.02516893964753885,-0.2360402634844658,-0.03317353786052896,-0.1457387213344199,-0.02048239109108872
-0.1583264983284921,-0.02507608276900474,-0.2323814215454209,-0.03680505677932563,-0.1452109801045118,-0.02299881949333654
-0.08800767016121433,-0.01551852795708744,-0.2288031613081283,-0.04034521364928705,-0.1446563284519563,-0.02550747307750718
-0.1798438768224269,-0.03495831903109373,-0.2251165125903999,-0.04375848099667445,-0.1441038205415048,-0.02801111397895088
-0.1668417348456715,-0.03546292817417435,-0.2215221671712566,-0.04708548919518459,-0.1435510516124328,-0.03051239330115953
-0.1867212627551504,-0.04310889379376463,-0.2180150732987789,-0.05033378899435293,-0.1429984007031455,-0.03301446647066474
-0.1274550959577272,-0.03177829390333219,-0.2145905358832109,-0.05350371491173631,-0.1424461602523356,-0.03551600594613525
-0.181058065545006,-0.04851396629941009,-0.2111099662904846,-0.05656628308303861,-0.1418936155698783,-0.03801996924653655
-0.1427692798415823,-0.04093915317292188,-0.207658202543293,-0.05954608001782079,-0.1413398856122412,-0.04052927375513384
-0.2209483832507824,-0.06755103163435314,-0.2042847798759063,-0.06245643179090945,-0.1407373992237459,-0.04302795235351051
-0.2160535456296253,-0.07019959405058863,-0.2009849967901741,-0.06530355770747626,-0.1400954674826649,-0.04551947952046009
-0.1793532318439072,-0.06175723092193876,-0.1977520474698329,-0.06809254974289743,-0.1394514682265739,-0.0480177381646914
-0.09885842895562971,-0.03598169303166146,-0.1944260561451252,-0.07076562659831832,-0.13880661989849,-0.05052171312768527
-0.1414225948543552,-0.05428675640209962,-0.1911693957667233,-0.07338266159104552,-0.1381587954325627,-0.05303390791393096
-0.14140452908833,-0.05713194599615556,-0.1879778088774317,-0.07594903851030473,-0.1375085102618323,-0.05555782995736567
-0.1222153454317094,-0.05187756972919928,-0.1848492141461013,-0.0784641892749092,-0.1368550445636361,-0.058091781290344
-0.1779551336042641,-0.07923037321563307,-0.1817783241940804,-0.08093255966662499,-0.13619876670359,-0.06063932463691402
-0.1856829568231742,-0.08658426201916404,-0.178637303769438,-0.08329886264520987,-0.1354978595058945,-0.06318287026022862
-0.1042105872137974,-0.05082712403388097,-0.1755388221638769,-0.08561638241784572,-0.1347479878018002,-0.06572127527951588
-0.1740333139069112,-0.08867406235522611,-0.1724972174447844,-0.08789138511712487,-0.1339941220747833,-0.06827315339434717
-0.1226134821358879,-0.06519398302383653,-0.1695069495742972,-0.09012739056478158,-0.1332353690363599,-0.07084167447022269
-0.1498055833296718,-0.08303895570307193,-0.1665650288476404,-0.09232890887465703,-0.132471513257622,-0.07343048154026824
-0.1293600533542989,-0.07468581512022843,-0.1636261087801454,-0.09446926614761024,-0.1317017879783919,-0.07603781177345055
-0.0718297092672031,-0.04315918196953086,-0.1606576086327514,-0.09653179772699612,-0.130924962119721,-0.07866681241126786
-0.06714632961960534,-0.04195786887313642,-0.1577342060160668,-0.09856370661395085,-0.1301412993501273,-0.08132166872033904
-0.1390592462075922,-0.09030587204150274,-0.1548556197598119,-0.1005641276241412,-0.1292878871283826,-0.0839602954132404
-0.1402105853856026,-0.09457229574154709,-0.152016946082348,-0.1025357075793429,-0.1284042246888572,-0.08660888390375132
-0.2021983729769392,-0.1415814602498455,-0.1492165161156837,-0.1044829982260172,-0.127511476438931,-0.08928489763316048
-0.1205581982018875,-0.08759043994817249,-0.1490679816148612,-0.1083039584746163,-0.1266096505267752,-0.09198706646854138
-0.1021905500644784,-0.07700538561373044,-0.1534495459285913,-0.1156314497673931,-0.1256984656069143,-0.09471970557950114
-0.11883733061159,-0.09284632519443968,-0.1582236154566469,-0.1236184049113526,-0.1247749812919851,-0.09748534765586457
-0.1177136228557643,-0.09532240531570152,-0.1634502563075428,-0.1323591204035391,-0.1238414240310391,-0.1002845900922189
-0.1169041714687551,-0.09809337970629776,-0.169200684589575,-0.1419749765255101,-0.1228586566812724,-0.1030897418683025
-0.1633935351840556,-0.1420365081979164,-0.1755586740236428,-0.152611552311941,-0.1218136506237096,-0.1058914942132975
-0.1086582694223706,-0.09783616040164046,-0.1826339405029817,-0.1644440279862828,-0.1207559342692852,-0.1087289261776831
-0.08808678150364593,-0.08214155570312107,-0.1905593470891955,-0.1776979582689107,-0.1196835801661005,-0.1116057971371765
-0.1205330081379834,-0.11639794959624,-0.1995019426357951,-0.1926577409956421,-0.1185936726724515,-0.1145251458285884
-0.09753414644024085,-0.09753398707206454,-0.2096806664518099,-0.2096803238392312,-0.1174894232152929,-0.1174892312407302
-0.1277093169247312,-0.1322457814322202,-0.2213774502014809,-0.2292411751808363,-0.1163661921229213,-0.1204997284470441
-0.09536629299087303,-0.1022683612716023,-0.2349641483930055,-0.2519695131279768,-0.1151666962147243,-0.1235018047316937
-0.08872411032003878,-0.09853796965595335,-0.2509569583654125,-0.278715549349118,-0.1139195736069459,-0.1265203274150507
-0.1134947962126647,-0.1305597766107376,-0.2700653137204677,-0.3106721030943483,-0.1126517564937538,-0.1295899781613995
-0.1230381486214825,-0.1466319657503029,-0.2933107488154781,-0.3495560698561871,-0.1113600211900768,-0.1327144385383356
-0.13371242727358,-0.1651209030789487,-0.3222280008789661,-0.3979179765662076,-0.1100461879277387,-0.1358955655920119
-0.08113411752990225,-0.1038461075902415,-0.3592020766214998,-0.4597540298842439,-0.10870665308894,-0.139137062633221
-0.05497427097529939,-0.07295375312877574,-0.4081728796097561,-0.5416669100767367,-0.1072990011253588,-0.1423914260287474
-0.1583465060439905,-0.2179450619965052,-0.4761768832990871,-0.6554006333621959,-0.1058184566773458,-0.1456464728973026
-0.1090925269180563,-0.1557990339720794,-0.5770496577525843,-0.8241057547351708,-0.1043088738733204,-0.1489673238239841
-0.05742438519115247,-0.085135696681346,-0.7423364997172002,-1.100566159568617,-0.1027663424344099,-0.1523583427044728
-0.1100443724744299,-0.1694533522439404,-0.808446251768718,-1.244897166396129,-0.101191805138625,-0.1558216037293499
-0.08378708006532293,-0.1340862772923731,-0.7951961551003273,-1.272569614211206,-0.0995819451510028,-0.1593631416731694
-0.08229133064747722,-0.1369567310659377,-0.7815868637157342,-1.300788078845667,-0.09786136667749315,-0.1628698038097094
-0.1237755439032209,-0.2143854293846991,-0.766925272028614,-1.328352908538931,-0.09608953408298532,-0.1664318763960642
-0.1177774833738909,-0.2124744520315628,-0.7519396170897074,-1.356523789821242,-0.09427618875663117,-0.1700773439189478
-0.08350252483995799,-0.1570466246098661,-0.7361692182670646,-1.384543654124369,-0.09241726652294384,-0.1738129450686202
-0.06237421883023366,-0.1224162722284833,-0.719584138191708,-1.412263101714017,-0.09051300854219958,-0.1776417452870797
-0.0567900599089219,-0.1164358806577296,-0.7026305195999839,-1.440593714073006,-0.08849810272945986,-0.1814464458105641
-0.08849647677219445,-0.1897829581466904,-0.6860228690020526,-1.471193590798367,-0.08640748963413007,-0.1853030717935558
-0.06858921415517161,-0.1540539139086573,-0.6690695155090205,-1.50275489828399,-0.08426402949447058,-0.1892601293837532
-0.1108879995213518,-0.2612333937270515,-0.6524595595422696,-1.537084497372186,-0.08206198037828252,-0.1933241624225859
-0.1057557814284619,-0.2617573481116727,-0.6366010008696988,-1.575658441951078,-0.07978864904098006,-0.1974858007787277
-0.06788131152493498,-0.1768369482592785,-0.6201805598502081,-1.615626379483785,-0.07738056674139515,-0.2015833661683932
-0.09399649421106224,-0.2582507303010579,-0.6022855507358139,-1.654749835435815,-0.07490408158539166,-0.2057952685822708
-0.03690048793781459,-0.1071680439261219,-0.5836367108797265,-1.695023783258953,-0.07235351489990485,-0.2101323070868191
-0.05417124963640019,-0.1667221248569932,-0.5639864217829458,-1.735773408611985,-0.0697277695231993,-0.2146002164335339
-0.06793323386087552,-0.222197205736714,-0.5432348949681314,-1.776822165831168,-0.06695611801166938,-0.2190012381809916
-0.05545641786583377,-0.1934022133624381,-0.5217802945803129,-1.819689546210474,-0.06408926845708764,-0.2235089616204132
-0.06682723465411614,-0.2494030415000661,-0.5008296199077229,-1.869124633464309,-0.06113425959417469,-0.2281565347056096
-0.06815744432352801,-0.2733612183234578,-0.4789238032180776,-1.920834849827317,-0.05808152270129886,-0.2329494006897174
-0.04000868220755456,-0.1732996639120079,-0.4504885208207507,-1.951314188491626,-0.05486240429781333,-0.2376393248068663
-0.0454246408880821,-0.2137066900244089,-0.419385942580755,-1.973060873558049,-0.05154097176191369,-0.2424818393835662
-0.06251125098792298,-0.3215877639913013,-0.3918413814913883,-2.01581942005005,-0.04810744764023707,-0.2474877125869926
-0.06467833159805808,-0.3668175077578654,-0.3712080868935144,-2.105274238365362,-0.04452534862213742,-0.2525216252503479
-0.0372598767339445,-0.2352505963324456,-0.3462506189061048,-2.186149598931221,-0.04079528108348727,-0.2575723551360263
-0.039577398213958,-0.28160242621578,-0.3067098747687593,-2.182312349394406,-0.03693486890394491,-0.2628002133713905
-0.02973940006341255,-0.2422161210755145,-0.2674785052028696,-2.178510859774272,-0.0329224000029961,-0.2681404469565208
-0.0289415230483287,-0.2753622502897647,-0.2191485795679846,-2.085074994736001,-0.0287366487704863,-0.2734129872161191
-0.02070609852027872,-0.2366649260982043,-0.1726090717667085,-1.9728735074616,-0.02439925508784338,-0.2788766747420056
-0.01954661566659292,-0.2795464581370734,-0.1309250563153525,-1.872428270890189,-0.1121937752162982,-1.604542342352708
-0.08344982369590191,-1.592344826921959,-0.09203382028587001,-1.756140050913818,-0.08401608904831903,-1.603149998996047
-0.05232142418050782,-1.498186663460773,-0.05745898247506506,-1.645296980892182,-0.05592783653496841,-1.601453708978351
-0.02738932154225435,-1.569521036069748,-0.02700912755310587,-1.54773435315264,-0.02790072520549171,-1.598826574220296
1.659892940427147e-06,-1.627959999999154,1.497386652284147e-06,-1.468579999999237,1.627509958174533e-06,-1.59619999999917
0.02636034673862375,-1.510379986698652,0.02536638711288845,-1.453428659723221,0.02684790347919686,-1.538315732409564
0.05464244922526094,-1.564556091305986,0.05024245998895047,-1.438572903162804,0.05164873927128388,-1.478838353347548
0.07547689731191154,-1.440153524757749,0.07471800940927953,-1.42567339737049,0.07461647544161704,-1.423736056189022
0.09467475992423735,-1.353953986453486,0.09898627496993023,-1.415613429671949,0.09597079534810038,-1.372488729294435
0.1188177685998498,-1.358022032945325,0.1229875165108957,-1.405679968300922,0.1159022571528497,-1.324699333579841
0.1348517022563396,-1.283012636258337,0.1468109476172069,-1.396795871185098,0.1345339319049975,-1.279989290098234
0.1489157845010404,-1.212842072005436,0.1704680218994683,-1.388373902632026,0.1506060843750364,-1.226608690556699
0.1680251039815321,-1.195520145096684,0.1939469571018451,-1.379957451601656,0.1652192808464689,-1.17555635396036
0.1804581217077276,-1.13935751189419,0.2170766219412177,-1.370555547873412,0.1787154265069369,-1.128354666196956
0.1976285916682088,-1.120819928380665,0.240017390213276,-1.361221429744334,0.1912384077902092,-1.084578990892718
0.2131465455526606,-1.09651580550349,0.2570222498106807,-1.322230949381482,0.2029036656510753,-1.043822107480655
0.193520170296745,-0.9104340628317455,0.2648543463138361,-1.246032484383401,0.2137846350520374,-1.005770166298279
0.2385677485466307,-1.033358853909614,0.2718827423797308,-1.177663119909967,0.2239732618153835,-0.9701426724522418
0.2349628143577363,-0.9423646067706979,0.2782398673752284,-1.115935744656929,0.2335485110235257,-0.9366922649193246
0.2443326193961691,-0.9118557976061821,0.2840012795633395,-1.059900286492265,0.2425516747008969,-0.9052092649016527
0.2626610329770576,-0.9160136215905444,0.2892576786774906,-1.008767729324303,0.2510460177097759,-0.8755069956962439
0.2628250400204524,-0.8596772000432764,0.2883726504119146,-0.9432411487728934,0.2590780649594905,-0.8474211797310981
0.2778905948330995,-0.8552542038056907,0.2875758577616804,-0.8850622001490256,0.2666973208301944,-0.8208050543082666
0.2769094544181586,-0.8042074683623858,0.2868558426698571,-0.8330940216657218,0.2739236822124591,-0.7955361129126494
0.7264616635561499,-1.995967017508864,0.2862085757709431,-0.7863634187805079,0.7323135505383659,-2.012045186519898
0.7710288292777171,-2.008587504820896,0.2856303281505985,-0.7440882705496583,0.7701974115700241,-2.006421599791737
0.782389351084238,-1.93648949085968,0.2850974695248525,-0.7056438751888418,0.8081359720258487,-2.000214873636789
0.8753413302980754,-2.062201939571388,0.2846104765125997,-0.6705090418691391,0.846060264323341,-1.993219167987584
0.8622042073858146,-1.936531937450606,0.2841698653227362,-0.6382525336161682,0.8851198527505267,-1.988001042722787
0.9184610421781079,-1.969652712256936,0.2837573698107482,-0.6085216981497754,0.9254384503263638,-1.984615862845386
0.9405033011309571,-1.928339975590863,0.2833757878071426,-0.5810132288594479,0.9645301977713145,-1.977602987454061
0.9781992432040242,-1.919814042087169,0.2830274818296202,-0.5554697958396874,1.002991767626148,-1.96847185577396
1.042252742399004,-1.960197853422392,0.2826973126259962,-0.5316778194339498,1.042637708232706,-1.96092187089931
1.101328297908631,-1.986869758269444,0.2823886640823455,-0.5094479982115823,1.0830268821142,-1.95385278263691
1.137434420904868,-1.970083997635838,0.9348636335661318,-1.61922292011802,1.123284365907371,-1.945575510461641
1.133735884781888,-1.886857852742975,0.9639384285430381,-1.604266759014217,1.162165936906325,-1.934173517550751
1.163774107236556,-1.862445878361505,0.9930829988505316,-1.589280365131978,1.175501139084629,-1.881213233636937
1.219309636424128,-1.87756246184335,1.021267268843908,-1.572605538584964,1.188417597787227,-1.829993140334039
1.163880143622332,-1.725526719839962,1.049402329595752,-1.555806041972781,1.183524563350516,-1.754650827955799
1.147168904289818,-1.638341694101233,1.078793269262324,-1.540690290452402,1.169784886918239,-1.670640954615229
1.172212388541147,-1.613403494030758,1.109037013207491,-1.526450504712094,1.157023965591559,-1.592498532698471
1.128414001319468,-1.497458460868343,1.139168424314198,-1.51173008607539,1.145006023813296,-1.519476855214078
1.059874142846439,-1.356588494063519,1.16907960279085,-1.496366288860582,1.132023132872854,-1.448935769812012
1.120464517020607,-1.383651058250518,1.199652157184333,-1.481439127795326,1.119898126842213,-1.38295162836424
1.111635989763037,-1.324798017157164,1.232267842543672,-1.468561659969633,1.108512044515987,-1.321075039035628
1.041830096751205,-1.198498047517548,1.265000676474293,-1.455228492237415,1.10341407628675,-1.269342880530024
1.09237241410467,-1.213195804189552,1.294758271778756,-1.437966834826342,1.104938725045354,-1.227152029658569
1.043477325617535,-1.118993687123424,1.324726460805352,-1.420596797279976,1.10639845661593,-1.186468414791514
1.15314218925753,-1.194122896419942,1.356315059171171,-1.404516183696543,1.136574653195439,-1.176966578375812
1.180016095744909,-1.180009354998062,1.388393988262881,-1.388386057174117,1.173835964825614,-1.173829259382266
1.185363590556084,-1.144693312937569,1.420120035486131,-1.37139517456161,1.214957217473266,-1.173271571210016
1.223989298972008,-1.141397019446789,1.452017276700546,-1.354038138407899,1.246895217258219,-1.162757293496188
1.2816830236096,-1.154025665178618,1.45977815868358,-1.314382284508725,1.279104304149109,-1.151703789655666
1.293760544912278,-1.12464959650919,1.457615497168895,-1.267086623721155,1.314998066705384,-1.143111104250633
1.342542446969932,-1.126535122836384,1.455518339561455,-1.22133384694778,1.359640507199406,-1.140882203946815
1.382499508419049,-1.119518929192842,1.422273938608312,-1.151727423462513,1.403707874965845,-1.136693016895447
1.491089485189681,-1.164967242267684,1.390247764132022,-1.08618102396696,1.439427507909536,-1.124604466056108
1.499777645939878,-1.130171711572643,1.360432087977872,-1.025166540860639,1.490489539342571,-1.123172570494121
1.547191994117963,-1.124093162614773,1.332607823968023,-0.9681896940162137,1.532783367702752,-1.11362475371815
1.532059994433027,-1.07276011459127,1.304917335043446,-0.9137130888868301,1.55799434690255,-1.090919546355136
1.550653230926112,-1.045936394967882,1.278572006898674,-0.8624139613753343,1.560377819602921,-1.052495760414851
1.463181398997733,-0.9501941502803712,1.253865543828842,-0.8142638402869199,1.556148233461519,-1.010567076247092
1.529217339034142,-0.9555609339007844,1.230602633440425,-0.7689657785425119,1.548060968360202,-0.9673357389446923
1.53315216518281,-0.9212175179051152,1.214303693221196,-0.7296326220293081,1.538338017259179,-0.9243335150556304
1.539181372075734,-0.8886396614798722,1.205483795265972,-0.695980818881633,1.53264286718392,-0.8848646841581221
1.515077627809846,-0.8398208943638449,1.196960916912009,-0.6634859952441824,1.530584636729396,-0.8484165662031488
1.483852777172494,-0.7889844488819014,1.197681107078789,-0.6368231287779409,1.525492516648656,-0.8111248575582853
1.546362472121584,-0.7879040393436388,1.225661907108953,-0.6245003903618029,1.518072963219434,-0.7734899425604496
1.527060294804615,-0.7447965065245955,1.256586163095236,-0.6128775580143181,1.509515832467968,-0.7362395069734686
1.532337751457785,-0.714546414137878,1.290997387811064,-0.6020066746017103,1.50009136541794,-0.69950955983356
1.536238852279551,-0.6839707692195682,1.315535040287414,-0.5857080831574641,1.494215691752881,-0.6652610396825147
1.492948678373029,-0.6337183744726245,1.338239400020651,-0.5680482588058587,1.491199718839088,-0.6329759860644204
1.416596208574169,-0.5723467518500386,1.365805135952058,-0.5518256568038331,1.483501717891649,-0.5993785557663254
1.440722107087885,-0.5530350608670717,1.396955792252489,-0.5362349392684348,1.474078984841057,-0.5658394197561351
1.392248862225529,-0.5067362880549617,1.438791846935322,-0.523676520470838,1.470713211574767,-0.5352949273993119
1.502172304558241,-0.5172440239559871,1.47065820026681,-0.5063927507261412,1.468729344198567,-0.5057285863880409
1.420889773289404,-0.4616688556331116,1.498172725195681,-0.4867792706964288,1.465960399561105,-0.4763129925990309
1.368195055848334,-0.4182982109119912,1.546565055231041,-0.4728312625432125,1.462295462985683,-0.4470675240178896
1.443025745757994,-0.4137850764341129,1.579486353325245,-0.452914913929008,1.45710821899595,-0.4178232006895384
1.467677601497756,-0.3932566090503662,1.594977105332295,-0.4273658515438657,1.450918770087716,-0.3887661670042154
1.385941578871373,-0.3455528857577729,1.592808668361755,-0.3971304708677634,1.44428547235663,-0.3600996033593851
1.463707608713397,-0.3379273890860408,1.579316550055716,-0.3646181212174063,1.437604249770618,-0.331900884966367
1.440587728922535,-0.3062000460121,1.565829859609093,-0.3328205325044847,1.433633093268197,-0.3047218231211218
1.419560770048026,-0.2759333199174324,1.547741670349431,-0.300849041819902,1.434766177810844,-0.2788889374106875
1.441856425590506,-0.254241731396264,1.530193643933152,-0.2698181833505329,1.432303794398492,-0.2525573213187122
1.472259125992829,-0.2331764096790934,1.515707565861355,-0.2400577738600551,1.429916897823614,-0.2264702473140598
1.345893332978527,-0.1891515546961041,1.505346320555931,-0.2115610427009651,1.429778953259746,-0.2009408214262728
1.460938200740773,-0.1793840063002063,1.495042077049415,-0.1835715139986899,1.417236405808599,-0.1740180003641109
1.389298011213787,-0.1460148572488952,1.480207300168333,-0.1555693997172166,1.389825108064744,-0.1460702549899324
1.197206985292947,-0.1047406452422999,1.465721331359499,-0.1282322938956386,1.309408405480955,-0.1145568669081956
1.177853625041441,-0.08236607843485098,1.450418009761126,-0.1014262222532975,1.237996752643644,-0.08657182476876066
1.16537098729402,-0.06106916466892932,1.434571615454855,-0.07517613804425455,1.180500228369202,-0.0618619852596337
1.066549938187486,-0.03724337997911505,1.419404873228581,-0.04956489438056384,1.140185057608077,-0.03981468080076159
1.040641444521446,-0.01816656115828328,1.409275278284525,-0.02460183155936655,1.108741068643617,-0.01935538175829354
