52.25, 35.25
52.25, 35.35
52.3, 35.5
52.3, 35.65
52.3, 35.8
52.3, 35.95
47, 36.05
46.2, 36.1
46.1, 36.15
47.2, 36.15
47.65, 36.15
48.1, 36.15
48.45, 36.15
48.75, 36.15
49.05, 36.15
49.35, 36.15
49.65, 36.15
49.95, 36.15
50.25, 36.15
52.35, 36.15
52.65, 36.15
52.95, 36.15
53.25, 36.15
53.55, 36.15
53.85, 36.15
54.15, 36.15
54.45, 36.15
54.75, 36.15
55.05, 36.15
55.4, 36.15
55.7, 36.15
77, 36.15
46.3, 36.2
46.6, 36.2
46.9, 36.2
47.25, 36.2
47.55, 36.2
47.85, 36.2
48.15, 36.2
48.45, 36.2
48.75, 36.2
49.05, 36.2
49.35, 36.2
49.65, 36.2
49.95, 36.2
50.25, 36.2
52.3, 36.2
53, 36.2
53.35, 36.2
53.65, 36.2
53.95, 36.2
54.25, 36.2
54.55, 36.2
54.85, 36.2
55.15, 36.2
55.45, 36.2
55.75, 36.2
56.05, 36.2
56.35, 36.2
56.65, 36.2
56.95, 36.2
57.25, 36.2
57.55, 36.2
57.85, 36.2
58.15, 36.2
58.45, 36.2
58.75, 36.2
59.05, 36.2
59.35, 36.2
59.65, 36.2
59.95, 36.2
60.25, 36.2
60.55, 36.2
60.85, 36.2
61.15, 36.2
61.45, 36.2
61.75, 36.2
62.05, 36.2
62.35, 36.2
62.65, 36.2
62.95, 36.2
63.25, 36.2
63.55, 36.2
63.85, 36.2
64.15, 36.2
64.45, 36.2
64.75, 36.2
65.05, 36.2
65.35, 36.2
65.65, 36.2
65.95, 36.2
66.25, 36.2
66.55, 36.2
66.85, 36.2
67.15, 36.2
67.45, 36.2
67.9, 36.2
68.7, 36.2
69.45, 36.2
69.8, 36.2
70.1, 36.2
70.4, 36.2
70.7, 36.2
71, 36.2
71.3, 36.2
71.6, 36.2
71.9, 36.2
72.2, 36.2
72.5, 36.2
72.8, 36.2
73.1, 36.2
73.4, 36.2
73.7, 36.2
74, 36.2
74.3, 36.2
74.6, 36.2
74.9, 36.2
75.2, 36.2
77.4, 36.2
77.7, 36.2
78, 36.2
80.25, 36.2
82.45, 36.2
82.8, 36.2
83.1, 36.2
83.6, 36.2
84, 36.2
84.3, 36.2
84.65, 36.2
85, 36.2
85.3, 36.2
85.6, 36.2
85.9, 36.2
86.2, 36.2
86.5, 36.2
86.8, 36.2
87.1, 36.2
87.55, 36.2
88.15, 36.2
46.25, 36.25
46.55, 36.25
46.85, 36.25
47.15, 36.25
47.45, 36.25
47.75, 36.25
48.05, 36.25
48.35, 36.25
48.65, 36.25
48.95, 36.25
49.25, 36.25
49.55, 36.25
49.85, 36.25
50.15, 36.25
52.15, 36.25
52.45, 36.25
55.35, 36.25
55.9, 36.25
56.2, 36.25
56.5, 36.25
56.8, 36.25
57.1, 36.25
57.4, 36.25
57.7, 36.25
58, 36.25
58.3, 36.25
58.6, 36.25
58.9, 36.25
59.2, 36.25
59.5, 36.25
59.8, 36.25
60.1, 36.25
60.4, 36.25
60.7, 36.25
61, 36.25
61.3, 36.25
61.6, 36.25
61.9, 36.25
62.2, 36.25
62.5, 36.25
62.8, 36.25
63.1, 36.25
63.4, 36.25
63.7, 36.25
64, 36.25
64.3, 36.25
64.6, 36.25
64.9, 36.25
65.2, 36.25
65.5, 36.25
65.8, 36.25
66.1, 36.25
66.4, 36.25
66.7, 36.25
67, 36.25
67.3, 36.25
67.6, 36.25
67.9, 36.25
68.2, 36.25
68.5, 36.25
68.8, 36.25
69.1, 36.25
69.4, 36.25
69.7, 36.25
70, 36.25
70.3, 36.25
70.6, 36.25
70.9, 36.25
71.2, 36.25
71.5, 36.25
71.8, 36.25
72.1, 36.25
72.4, 36.25
72.7, 36.25
73, 36.25
73.3, 36.25
73.6, 36.25
73.9, 36.25
74.2, 36.25
74.5, 36.25
74.8, 36.25
75.1, 36.25
75.4, 36.25
75.7, 36.25
76, 36.25
76.3, 36.25
76.6, 36.25
76.9, 36.25
77.2, 36.25
77.5, 36.25
77.8, 36.25
78.1, 36.25
78.4, 36.25
78.7, 36.25
79, 36.25
79.3, 36.25
79.6, 36.25
79.9, 36.25
80.2, 36.25
80.5, 36.25
80.8, 36.25
81.1, 36.25
81.4, 36.25
81.7, 36.25
82, 36.25
82.3, 36.25
82.6, 36.25
82.9, 36.25
83.2, 36.25
83.5, 36.25
83.8, 36.25
84.1, 36.25
84.4, 36.25
84.7, 36.25
85, 36.25
85.3, 36.25
85.6, 36.25
85.9, 36.25
86.2, 36.25
86.5, 36.25
86.8, 36.25
87.1, 36.25
87.4, 36.25
87.7, 36.25
88, 36.25
88.3, 36.25
88.6, 36.25
46.1, 36.3
50, 36.3
52.1, 36.3
52.4, 36.3
52.7, 36.3
53.3, 36.3
53.95, 36.3
55.5, 36.3
55.85, 36.3
56.2, 36.3
56.55, 36.3
57, 36.3
57.3, 36.3
57.6, 36.3
57.95, 36.3
58.25, 36.3
60.1, 36.3
61.3, 36.3
61.65, 36.3
62, 36.3
66, 36.3
67.25, 36.3
71.2, 36.3
71.5, 36.3
71.8, 36.3
74.7, 36.3
75, 36.3
75.3, 36.3
75.6, 36.3
78.15, 36.3
85.4, 36.3
87.3, 36.3
88.1, 36.3
88.55, 36.3
52.3, 36.35
58.35, 36.35
59.1, 36.35
59.45, 36.35
67.3, 36.35
81.8, 36.35
46.1, 36.4
59.55, 36.4
74.5, 36.4
81.8, 36.4
88.9, 36.4
55.95, 36.45
67.25, 36.45
78.05, 36.45
85.4, 36.45
52.25, 36.5
63.45, 36.5
74.55, 36.5
85.4, 36.5
52.25, 36.55
63.45, 36.55
74.55, 36.55
85.35, 36.55
52.25, 36.6
63.4, 36.6
74.5, 36.6
81.8, 36.6
88.9, 36.6
56, 36.65
67.25, 36.65
78.05, 36.65
85.45, 36.65
55.95, 36.7
67.3, 36.7
78.05, 36.7
85.35, 36.7
52.25, 36.75
59.6, 36.75
70.85, 36.75
78.2, 36.75
85.45, 36.75
52.3, 36.8
67.3, 36.8
78.05, 36.8
85.35, 36.8
46.15, 36.85
56.1, 36.85
67.3, 36.85
78.05, 36.85
85.4, 36.85
52.3, 36.9
63.4, 36.9
74.5, 36.9
81.85, 36.9
46.1, 36.95
59.55, 36.95
70.85, 36.95
78.2, 36.95
85.45, 36.95
52.3, 37
63.4, 37
70.95, 37
81.8, 37
88.9, 37
56, 37.05
63.45, 37.05
70.95, 37.05
81.75, 37.05
88.85, 37.05
55.95, 37.1
63.5, 37.1
74.55, 37.1
85.35, 37.1
46.15, 37.15
59.55, 37.15
67.25, 37.15
74.55, 37.15
81.85, 37.15
88.9, 37.15
56, 37.2
63.4, 37.2
70.9, 37.2
78.2, 37.2
85.45, 37.2
55.95, 37.25
63.45, 37.25
70.95, 37.25
81.8, 37.25
88.9, 37.25
56, 37.3
63.45, 37.3
70.95, 37.3
81.8, 37.3
88.9, 37.3
56, 37.35
63.5, 37.35
74.5, 37.35
81.8, 37.35
88.9, 37.35
56, 37.4
63.5, 37.4
74.55, 37.4
85.35, 37.4
52.25, 37.45
59.55, 37.45
67.3, 37.45
78.05, 37.45
85.35, 37.45
52.25, 37.5
59.55, 37.5
67.3, 37.5
74.6, 37.5
81.85, 37.5
46.1, 37.55
56.1, 37.55
67.25, 37.55
74.6, 37.55
81.8, 37.55
88.9, 37.55
56, 37.6
63.5, 37.6
74.5, 37.6
81.75, 37.6
88.85, 37.6
55.95, 37.65
63.4, 37.65
70.9, 37.65
78.1, 37.65
85.4, 37.65
52.3, 37.7
63.4, 37.7
70.9, 37.7
78.1, 37.7
85.4, 37.7
52.25, 37.75
59.6, 37.75
70.85, 37.75
78.1, 37.75
85.4, 37.75
52.25, 37.8
59.55, 37.8
67.3, 37.8
74.6, 37.8
81.85, 37.8
46.15, 37.85
56.1, 37.85
67.25, 37.85
74.5, 37.85
81.75, 37.85
88.85, 37.85
55.95, 37.9
63.4, 37.9
70.9, 37.9
78.05, 37.9
85.35, 37.9
52.25, 37.95
59.6, 37.95
70.85, 37.95
74.6, 37.95
81.85, 37.95
46.1, 38
56.1, 38
67.25, 38
74.5, 38
81.75, 38
88.85, 38
56.05, 38.05
63.5, 38.05
71, 38.05
81.75, 38.05
88.85, 38.05
56.05, 38.1
63.5, 38.1
71, 38.1
78.2, 38.1
88.85, 38.1
56, 38.15
63.45, 38.15
70.95, 38.15
78.1, 38.15
85.45, 38.15
52.3, 38.2
63.4, 38.2
70.9, 38.2
78.05, 38.2
85.35, 38.2
46.1, 38.25
56.1, 38.25
67.25, 38.25
74.5, 38.25
78.2, 38.25
85.45, 38.25
52.3, 38.3
63.4, 38.3
70.9, 38.3
78.1, 38.3
85.45, 38.3
52.3, 38.35
63.4, 38.35
70.9, 38.35
78.05, 38.35
85.4, 38.35
46.15, 38.4
59.55, 38.4
67.3, 38.4
74.55, 38.4
81.8, 38.4
46.05, 38.45
56.05, 38.45
63.5, 38.45
71, 38.45
81.75, 38.45
46.05, 38.5
56.05, 38.5
63.5, 38.5
71, 38.5
78.15, 38.5
88.85, 38.5
52.3, 38.55
63.4, 38.55
70.9, 38.55
78.05, 38.55
85.45, 38.55
52.25, 38.6
59.6, 38.6
70.85, 38.6
74.6, 38.6
85.35, 38.6
46.1, 38.65
56.1, 38.65
67.2, 38.65
74.5, 38.65
81.75, 38.65
88.9, 38.65
56, 38.7
63.45, 38.7
70.95, 38.7
78.15, 38.7
88.85, 38.7
52.3, 38.75
63.4, 38.75
70.9, 38.75
78.1, 38.75
85.45, 38.75
46.15, 38.8
59.55, 38.8
67.2, 38.8
74.55, 38.8
81.8, 38.8
46.05, 38.85
56.05, 38.85
63.4, 38.85
70.9, 38.85
81.75, 38.85
88.9, 38.85
52.3, 38.9
59.65, 38.9
69.8, 38.9
74.6, 38.9
78.15, 38.9
85.45, 38.9
52.25, 38.95
59.5, 38.95
62.35, 38.95
63.55, 38.95
64.7, 38.95
69.65, 38.95
70.8, 38.95
72.05, 38.95
74.6, 38.95
77.05, 38.95
78.2, 38.95
88.85, 38.95
52.25, 39
54.95, 39
56.1, 39
57.25, 39
62.35, 39
63.5, 39
64.65, 39
69.8, 39
71.95, 39
76.8, 39
78, 39
81.8, 39
46.05, 39.05
54.8, 39.05
55.95, 39.05
57.1, 39.05
62.15, 39.05
63.3, 39.05
63.6, 39.05
67.2, 39.05
67.65, 39.05
67.95, 39.05
68.25, 39.05
68.55, 39.05
68.85, 39.05
69.15, 39.05
69.45, 39.05
69.8, 39.05
70.95, 39.05
72.1, 39.05
72.5, 39.05
72.8, 39.05
73.1, 39.05
73.4, 39.05
73.8, 39.05
74.1, 39.05
74.5, 39.05
76.45, 39.05
76.75, 39.05
78.2, 39.05
88.85, 39.05
52.15, 39.1
53.4, 39.1
53.7, 39.1
54, 39.1
54.3, 39.1
54.6, 39.1
54.9, 39.1
56.05, 39.1
57.2, 39.1
59.85, 39.1
60.15, 39.1
60.45, 39.1
60.75, 39.1
61.05, 39.1
61.35, 39.1
61.65, 39.1
61.95, 39.1
64.65, 39.1
64.95, 39.1
65.25, 39.1
65.55, 39.1
66, 39.1
72.1, 39.1
72.4, 39.1
72.7, 39.1
73, 39.1
73.3, 39.1
73.6, 39.1
73.9, 39.1
74.2, 39.1
74.5, 39.1
74.8, 39.1
75.1, 39.1
75.4, 39.1
75.7, 39.1
76, 39.1
76.3, 39.1
76.6, 39.1
76.9, 39.1
81.75, 39.1
46.05, 39.15
52.25, 39.15
52.9, 39.15
53.2, 39.15
53.5, 39.15
53.8, 39.15
54.1, 39.15
54.4, 39.15
54.7, 39.15
57.35, 39.15
57.75, 39.15
60.15, 39.15
62.15, 39.15
64.8, 39.15
65.1, 39.15
65.4, 39.15
65.7, 39.15
66, 39.15
66.3, 39.15
66.6, 39.15
66.9, 39.15
67.2, 39.15
67.5, 39.15
67.8, 39.15
68.1, 39.15
68.4, 39.15
68.7, 39.15
69, 39.15
69.3, 39.15
69.6, 39.15
72.2, 39.15
72.5, 39.15
72.8, 39.15
73.1, 39.15
73.4, 39.15
73.7, 39.15
74, 39.15
74.3, 39.15
78.15, 39.15
85.45, 39.15
52.1, 39.2
52.4, 39.2
52.7, 39.2
53, 39.2
53.3, 39.2
53.6, 39.2
53.9, 39.2
54.2, 39.2
54.5, 39.2
54.8, 39.2
57.4, 39.2
57.7, 39.2
58, 39.2
58.3, 39.2
58.6, 39.2
58.9, 39.2
59.2, 39.2
59.5, 39.2
59.8, 39.2
60.1, 39.2
60.4, 39.2
60.7, 39.2
61, 39.2
61.3, 39.2
61.6, 39.2
61.9, 39.2
62.2, 39.2
64.85, 39.2
65.15, 39.2
65.45, 39.2
78.1, 39.2
85.4, 39.2
78.05, 39.25
85.35, 39.25
46.05, 39.3
78.2, 39.3
88.85, 39.3
78.15, 39.35
85.45, 39.35
78.05, 39.4
85.35, 39.4
46.05, 39.45
78.2, 39.45
88.85, 39.45
78.1, 39.5
85.4, 39.5
46.15, 39.55
81.75, 39.55
46.05, 39.6
78.2, 39.6
88.85, 39.6
78.1, 39.65
85.35, 39.65
46.1, 39.7
81.75, 39.7
88.9, 39.7
78.1, 39.75
85.4, 39.75
46.15, 39.8
81.8, 39.8
46, 39.85
78.15, 39.85
85.45, 39.85
78.05, 39.9
85.35, 39.9
46.05, 39.95
78.2, 39.95
88.85, 39.95
78.1, 40
85.4, 40
46.15, 40.05
81.8, 40.05
46.05, 40.1
78.2, 40.1
88.85, 40.1
78.1, 40.15
81.8, 40.15
46.05, 40.2
78.2, 40.2
79.3, 40.2
79.6, 40.2
82.1, 40.2
82.55, 40.2
82.9, 40.2
83.2, 40.2
83.5, 40.2
83.8, 40.2
84.1, 40.2
84.4, 40.2
86.45, 40.2
86.75, 40.2
46.1, 40.25
78.25, 40.25
79.4, 40.25
79.7, 40.25
80, 40.25
80.3, 40.25
80.6, 40.25
80.9, 40.25
81.2, 40.25
81.5, 40.25
81.8, 40.25
82.1, 40.25
82.4, 40.25
82.7, 40.25
83, 40.25
83.3, 40.25
83.6, 40.25
83.9, 40.25
84.25, 40.25
85.4, 40.25
86.55, 40.25
86.85, 40.25
87.15, 40.25
87.45, 40.25
87.75, 40.25
88.05, 40.25
88.35, 40.25
88.65, 40.25
46, 40.3
79.4, 40.3
81.8, 40.3
82.1, 40.3
82.4, 40.3
82.7, 40.3
83, 40.3
83.3, 40.3
83.6, 40.3
83.9, 40.3
84.2, 40.3
85.3, 40.3
85.6, 40.3
86.75, 40.3
87.05, 40.3
87.35, 40.3
87.65, 40.3
87.95, 40.3
88.25, 40.3
88.65, 40.3
79.4, 40.35
86.65, 40.35
87.6, 40.35
87.9, 40.35
88.2, 40.35
88.5, 40.35
88.8, 40.35
46.05, 40.4
79.4, 40.4
86.6, 40.4
46.15, 40.45
61.05, 40.45
61.35, 40.45
61.65, 40.45
61.95, 40.45
62.25, 40.45
64.85, 40.45
65.15, 40.45
65.45, 40.45
65.75, 40.45
66.05, 40.45
66.35, 40.45
66.65, 40.45
66.95, 40.45
67.25, 40.45
67.55, 40.45
67.85, 40.45
68.15, 40.45
68.45, 40.45
68.75, 40.45
69.05, 40.45
69.35, 40.45
69.65, 40.45
69.95, 40.45
70.25, 40.45
70.55, 40.45
70.85, 40.45
71.15, 40.45
71.45, 40.45
71.75, 40.45
72.05, 40.45
72.35, 40.45
72.65, 40.45
72.95, 40.45
73.25, 40.45
73.55, 40.45
73.85, 40.45
74.15, 40.45
74.45, 40.45
46.1, 40.5
52.3, 40.5
52.6, 40.5
52.9, 40.5
53.2, 40.5
53.5, 40.5
53.8, 40.5
54.1, 40.5
54.4, 40.5
54.7, 40.5
57.3, 40.5
57.6, 40.5
57.9, 40.5
58.2, 40.5
58.5, 40.5
58.8, 40.5
59.1, 40.5
59.4, 40.5
59.7, 40.5
60, 40.5
60.3, 40.5
60.6, 40.5
60.9, 40.5
61.2, 40.5
61.5, 40.5
61.8, 40.5
62.1, 40.5
64.7, 40.5
65.05, 40.5
65.45, 40.5
66.55, 40.5
67.6, 40.5
67.9, 40.5
68.25, 40.5
68.55, 40.5
68.85, 40.5
69.15, 40.5
69.45, 40.5
69.75, 40.5
70.05, 40.5
70.35, 40.5
70.65, 40.5
70.95, 40.5
71.25, 40.5
71.55, 40.5
71.85, 40.5
72.15, 40.5
72.45, 40.5
72.75, 40.5
73.05, 40.5
73.35, 40.5
73.65, 40.5
73.95, 40.5
74.25, 40.5
46.05, 40.55
52.25, 40.55
52.55, 40.55
52.85, 40.55
53.15, 40.55
53.45, 40.55
53.75, 40.55
54.05, 40.55
54.35, 40.55
54.7, 40.55
57.35, 40.55
57.65, 40.55
57.95, 40.55
58.25, 40.55
58.55, 40.55
58.85, 40.55
59.15, 40.55
59.55, 40.55
59.85, 40.55
60.15, 40.55
60.45, 40.55
60.75, 40.55
61.05, 40.55
61.35, 40.55
61.65, 40.55
61.95, 40.55
62.25, 40.55
64.95, 40.55
74.45, 40.55
52.15, 40.6
54.65, 40.6
54.95, 40.6
56.1, 40.6
57.25, 40.6
62.2, 40.6
63.35, 40.6
64.45, 40.6
67.25, 40.6
46.1, 40.65
54.9, 40.65
56.05, 40.65
57.2, 40.65
59.6, 40.65
62.35, 40.65
63.55, 40.65
64.65, 40.65
74.45, 40.65
52.25, 40.7
54.95, 40.7
56.15, 40.7
57.3, 40.7
62.4, 40.7
67.25, 40.7
46.1, 40.75
56.1, 40.75
63.45, 40.75
74.5, 40.75
56, 40.8
59.65, 40.8
74.4, 40.8
52.25, 40.85
59.55, 40.85
67.25, 40.85
46.1, 40.9
56.1, 40.9
63.45, 40.9
74.5, 40.9
56, 40.95
59.65, 40.95
74.4, 40.95
52.25, 41
59.55, 41
67.25, 41
46.1, 41.05
56.1, 41.05
63.45, 41.05
74.5, 41.05
56, 41.1
59.65, 41.1
74.4, 41.1
52.25, 41.15
59.55, 41.15
67.25, 41.15
46.15, 41.2
47.15, 41.2
56.05, 41.2
63.4, 41.2
74.45, 41.2
46.05, 41.25
46.35, 41.25
46.65, 41.25
46.95, 41.25
47.25, 41.25
47.55, 41.25
47.85, 41.25
48.15, 41.25
48.45, 41.25
48.75, 41.25
49.05, 41.25
49.35, 41.25
49.65, 41.25
56.1, 41.25
63.45, 41.25
74.5, 41.25
46.4, 41.3
46.95, 41.3
47.4, 41.3
47.75, 41.3
48.1, 41.3
48.4, 41.3
48.7, 41.3
49, 41.3
49.3, 41.3
49.65, 41.3
56.1, 41.3
63.45, 41.3
74.5, 41.3
46.25, 41.35
46.55, 41.35
46.85, 41.35
47.15, 41.35
47.45, 41.35
47.75, 41.35
48.05, 41.35
48.35, 41.35
48.65, 41.35
48.95, 41.35
49.25, 41.35
49.55, 41.35
56, 41.35
63.4, 41.35
74.5, 41.35
49.5, 41.4
56.05, 41.4
63.45, 41.4
74.5, 41.4
49.5, 41.45
56.05, 41.45
63.5, 41.45
88.95, 41.45
56.05, 41.5
63.5, 41.5
88.85, 41.5
52.3, 41.55
63.4, 41.55
74.45, 41.55
46.15, 41.6
59.55, 41.6
74.4, 41.6
46.15, 41.65
59.55, 41.65
67.3, 41.65
88.95, 41.65
56, 41.7
63.45, 41.7
74.5, 41.7
52.25, 41.75
59.6, 41.75
74.4, 41.75
46.1, 41.8
56.1, 41.8
67.25, 41.8
88.9, 41.8
56, 41.85
63.45, 41.85
74.5, 41.85
46.15, 41.9
59.5, 41.9
67.25, 41.9
88.9, 41.9
56, 41.95
63.4, 41.95
74.5, 41.95
52.25, 42
59.55, 42
67.3, 42
88.9, 42
56, 42.05
63.4, 42.05
74.45, 42.05
46.1, 42.1
56.1, 42.1
63.5, 42.1
74.4, 42.1
46.15, 42.15
59.5, 42.15
67.25, 42.15
88.85, 42.15
52.3, 42.2
59.6, 42.2
74.2, 42.2
88.95, 42.2
56.05, 42.25
63.45, 42.25
74.2, 42.25
46.1, 42.3
59.5, 42.3
74.05, 42.3
88.9, 42.3
49.6, 42.35
59.5, 42.35
67.25, 42.35
88.9, 42.35
49.6, 42.4
56.1, 42.4
67.25, 42.4
88.85, 42.4
49.55, 42.45
56, 42.45
63.4, 42.45
74.05, 42.45
46.15, 42.5
52.25, 42.5
59.55, 42.5
73.9, 42.5
88.95, 42.5
49.65, 42.55
56.1, 42.55
67.2, 42.55
88.85, 42.55
49.55, 42.6
56.1, 42.6
67.25, 42.6
88.85, 42.6
49.55, 42.65
56.1, 42.65
67.25, 42.65
76.05, 42.65
46.1, 42.7
52.3, 42.7
59.6, 42.7
73.8, 42.7
80.5, 42.7
85.15, 42.7
88.9, 42.7
49.6, 42.75
59.55, 42.75
73.7, 42.75
80.45, 42.75
85.2, 42.75
88.9, 42.75
49.55, 42.8
56.1, 42.8
67.25, 42.8
76.05, 42.8
82.8, 42.8
86.45, 42.8
46.1, 42.85
52.3, 42.85
59.6, 42.85
73.65, 42.85
80.5, 42.85
85.25, 42.85
86.4, 42.85
86.7, 42.85
87, 42.85
87.3, 42.85
87.6, 42.85
87.9, 42.85
88.2, 42.85
88.5, 42.85
88.8, 42.85
49.55, 42.9
56.1, 42.9
73.5, 42.9
76.05, 42.9
82.8, 42.9
86.3, 42.9
86.6, 42.9
86.9, 42.9
87.2, 42.9
87.5, 42.9
87.8, 42.9
88.1, 42.9
88.4, 42.9
88.7, 42.9
46.15, 42.95
56, 42.95
63.45, 42.95
75.95, 42.95
80.6, 42.95
85.35, 42.95
49.55, 43
56.1, 43
67.2, 43
73.6, 43
80.55, 43
88.85, 43
49.6, 43.05
59.5, 43.05
73.35, 43.05
76, 43.05
82.75, 43.05
88.9, 43.05
49.6, 43.1
59.5, 43.1
71.65, 43.1
71.95, 43.1
76.05, 43.1
82.8, 43.1
46.15, 43.15
52.3, 43.15
59.6, 43.15
75.95, 43.15
80.6, 43.15
88.85, 43.15
52.2, 43.2
59.6, 43.2
72.1, 43.2
80.5, 43.2
85.25, 43.2
49.55, 43.25
56.1, 43.25
60, 43.25
64.25, 43.25
64.55, 43.25
64.85, 43.25
65.45, 43.25
65.9, 43.25
66.3, 43.25
66.6, 43.25
67.1, 43.25
67.4, 43.25
67.7, 43.25
68, 43.25
68.3, 43.25
68.6, 43.25
68.9, 43.25
69.2, 43.25
69.5, 43.25
69.8, 43.25
70.1, 43.25
70.4, 43.25
70.7, 43.25
71, 43.25
71.3, 43.25
71.6, 43.25
76.05, 43.25
76.35, 43.25
76.65, 43.25
76.95, 43.25
77.25, 43.25
77.55, 43.25
77.85, 43.25
78.15, 43.25
78.45, 43.25
78.75, 43.25
79.05, 43.25
79.35, 43.25
79.65, 43.25
79.95, 43.25
80.25, 43.25
80.55, 43.25
81.65, 43.25
82.7, 43.25
83, 43.25
83.3, 43.25
83.6, 43.25
83.9, 43.25
84.2, 43.25
84.5, 43.25
84.8, 43.25
85.1, 43.25
46.1, 43.3
52.25, 43.3
59.25, 43.3
59.55, 43.3
60, 43.3
60.4, 43.3
60.7, 43.3
61, 43.3
61.3, 43.3
61.6, 43.3
61.9, 43.3
62.2, 43.3
62.5, 43.3
62.8, 43.3
63.1, 43.3
63.4, 43.3
63.7, 43.3
64, 43.3
64.3, 43.3
64.6, 43.3
64.9, 43.3
65.2, 43.3
65.5, 43.3
65.8, 43.3
66.1, 43.3
66.4, 43.3
66.75, 43.3
67.2, 43.3
76.05, 43.3
76.5, 43.3
77, 43.3
77.4, 43.3
77.7, 43.3
78, 43.3
78.3, 43.3
78.6, 43.3
78.9, 43.3
79.2, 43.3
79.5, 43.3
79.8, 43.3
80.1, 43.3
80.4, 43.3
80.7, 43.3
81.8, 43.3
82.95, 43.3
83.25, 43.3
83.55, 43.3
83.85, 43.3
84.15, 43.3
84.45, 43.3
84.75, 43.3
85.05, 43.3
46.05, 43.35
52.2, 43.35
59.2, 43.35
59.5, 43.35
59.8, 43.35
60.1, 43.35
60.4, 43.35
60.7, 43.35
61, 43.35
61.3, 43.35
61.6, 43.35
61.9, 43.35
62.2, 43.35
62.5, 43.35
62.8, 43.35
63.1, 43.35
63.4, 43.35
63.7, 43.35
64, 43.35
64.3, 43.35
64.6, 43.35
64.9, 43.35
65.2, 43.35
65.5, 43.35
65.8, 43.35
66.15, 43.35
66.6, 43.35
66.9, 43.35
67.2, 43.35
76.1, 43.35
76.4, 43.35
76.7, 43.35
77, 43.35
77.45, 43.35
77.75, 43.35
78.05, 43.35
81.8, 43.35
82.85, 43.35
85.15, 43.35
49.5, 43.4
56, 43.4
59.2, 43.4
75.95, 43.4
78.05, 43.4
85.25, 43.4
49.6, 43.45
52.45, 43.45
52.75, 43.45
53.05, 43.45
53.35, 43.45
53.65, 43.45
53.95, 43.45
54.25, 43.45
54.55, 43.45
54.85, 43.45
55.15, 43.45
55.45, 43.45
55.75, 43.45
56.2, 43.45
56.5, 43.45
56.8, 43.45
57.1, 43.45
57.4, 43.45
57.7, 43.45
58, 43.45
58.3, 43.45
58.6, 43.45
58.9, 43.45
59.2, 43.45
64.55, 43.45
66.1, 43.45
69.7, 43.45
70.15, 43.45
70.6, 43.45
70.9, 43.45
71.2, 43.45
71.5, 43.45
75.9, 43.45
81.75, 43.45
46.15, 43.5
46.45, 43.5
46.75, 43.5
47.05, 43.5
47.35, 43.5
47.65, 43.5
47.95, 43.5
48.25, 43.5
48.55, 43.5
48.85, 43.5
49.15, 43.5
49.45, 43.5
52.3, 43.5
52.6, 43.5
52.9, 43.5
53.2, 43.5
53.5, 43.5
53.8, 43.5
54.1, 43.5
54.4, 43.5
54.7, 43.5
55, 43.5
55.3, 43.5
55.6, 43.5
55.9, 43.5
56.2, 43.5
56.5, 43.5
56.8, 43.5
57.1, 43.5
57.4, 43.5
57.7, 43.5
58, 43.5
58.3, 43.5
58.6, 43.5
58.9, 43.5
59.2, 43.5
59.7, 43.5
60, 43.5
60.3, 43.5
60.6, 43.5
60.9, 43.5
61.2, 43.5
61.5, 43.5
61.8, 43.5
62.1, 43.5
62.4, 43.5
62.7, 43.5
63, 43.5
63.3, 43.5
63.6, 43.5
63.9, 43.5
64.2, 43.5
64.5, 43.5
64.8, 43.5
65.1, 43.5
65.4, 43.5
65.7, 43.5
66, 43.5
66.3, 43.5
66.6, 43.5
66.9, 43.5
67.2, 43.5
67.5, 43.5
67.8, 43.5
68.1, 43.5
68.4, 43.5
68.7, 43.5
69, 43.5
69.3, 43.5
69.6, 43.5
69.9, 43.5
70.2, 43.5
70.5, 43.5
70.8, 43.5
71.1, 43.5
71.4, 43.5
71.7, 43.5
75.9, 43.5
81.75, 43.5
46.15, 43.55
46.45, 43.55
46.75, 43.55
47.05, 43.55
47.35, 43.55
47.65, 43.55
47.95, 43.55
48.25, 43.55
48.55, 43.55
48.85, 43.55
49.15, 43.55
49.45, 43.55
52.3, 43.55
52.6, 43.55
52.9, 43.55
53.2, 43.55
53.5, 43.55
53.8, 43.55
54.1, 43.55
54.4, 43.55
54.7, 43.55
55, 43.55
55.3, 43.55
55.6, 43.55
55.9, 43.55
56.2, 43.55
56.5, 43.55
56.8, 43.55
57.1, 43.55
57.4, 43.55
57.7, 43.55
58, 43.55
58.3, 43.55
58.6, 43.55
58.9, 43.55
59.2, 43.55
59.5, 43.55
60.3, 43.55
60.9, 43.55
61.5, 43.55
61.8, 43.55
62.1, 43.55
62.4, 43.55
62.7, 43.55
63, 43.55
63.3, 43.55
68.95, 43.55
69.75, 43.55
70.65, 43.55
71.55, 43.55
72.4, 43.55
78.1, 43.55
85.25, 43.55
49.55, 43.6
52.4, 43.6
52.7, 43.6
53, 43.6
53.35, 43.6
53.65, 43.6
53.95, 43.6
54.25, 43.6
54.55, 43.6
55.7, 43.6
56.25, 43.6
56.6, 43.6
56.9, 43.6
57.2, 43.6
57.5, 43.6
57.85, 43.6
58.4, 43.6
58.75, 43.6
59.1, 43.6
59.55, 43.6
71.8, 43.6
75.85, 43.6
81.75, 43.6
46.15, 43.65
55.95, 43.65
63.4, 43.65
72.55, 43.65
78.15, 43.65
88.85, 43.65
52.2, 43.7
59.55, 43.7
72.55, 43.7
75.7, 43.7
81.7, 43.7
46.1, 43.75
56, 43.75
71.8, 43.75
72.7, 43.75
78.05, 43.75
85.2, 43.75
49.5, 43.8
56, 43.8
63.4, 43.8
72.8, 43.8
81.65, 43.8
46.05, 43.85
52.2, 43.85
59.55, 43.85
72.05, 43.85
75.55, 43.85
81.7, 43.85
46.15, 43.9
55.95, 43.9
63.4, 43.9
72.65, 43.9
78.15, 43.9
88.85, 43.9
49.6, 43.95
59.55, 43.95
72.15, 43.95
75.5, 43.95
85.2, 43.95
49.5, 44
59.45, 44
72.1, 44
75.35, 44
81.65, 44
46.1, 44.05
52.25, 44.05
63.4, 44.05
72.5, 44.05
78.15, 44.05
88.85, 44.05
49.6, 44.1
59.55, 44.1
72.5, 44.1
81.65, 44.1
46.15, 44.15
55.95, 44.15
72.2, 44.15
75.2, 44.15
81.65, 44.15
46.1, 44.2
52.25, 44.2
63.35, 44.2
75.15, 44.2
81.65, 44.2
46.1, 44.25
52.25, 44.25
63.35, 44.25
75.2, 44.25
81.7, 44.25
46.1, 44.3
52.25, 44.3
63.4, 44.3
78.1, 44.3
85.25, 44.3
49.55, 44.35
59.45, 44.35
75.05, 44.35
81.7, 44.35
46.15, 44.4
56, 44.4
74.95, 44.4
81.65, 44.4
46.05, 44.45
52.2, 44.45
59.55, 44.45
75.05, 44.45
81.75, 44.45
46.15, 44.5
52.3, 44.5
74.9, 44.5
81.65, 44.5
46.1, 44.55
52.25, 44.55
59.55, 44.55
78.1, 44.55
85.25, 44.55
49.55, 44.6
59.5, 44.6
78.05, 44.6
85.2, 44.6
49.55, 44.65
59.45, 44.65
74.95, 44.65
81.75, 44.65
49.5, 44.7
56, 44.7
74.95, 44.7
81.75, 44.7
46.15, 44.75
55.95, 44.75
63.4, 44.75
81.65, 44.75
46.05, 44.8
52.2, 44.8
59.55, 44.8
78.1, 44.8
88.85, 44.8
49.6, 44.85
59.5, 44.85
78.1, 44.85
85.25, 44.85
49.55, 44.9
59.45, 44.9
74.95, 44.9
81.75, 44.9
46.15, 44.95
52.3, 44.95
63.35, 44.95
78.15, 44.95
88.85, 44.95
49.6, 45
59.45, 45
78.05, 45
85.25, 45
49.55, 45.05
59.45, 45.05
74.95, 45.05
81.7, 45.05
46.1, 45.1
52.25, 45.1
59.55, 45.1
81.65, 45.1
88.9, 45.1
49.6, 45.15
59.5, 45.15
81.7, 45.15
46.1, 45.2
52.25, 45.2
59.5, 45.2
81.65, 45.2
46.05, 45.25
52.2, 45.25
63.35, 45.25
81.7, 45.25
46.1, 45.3
52.25, 45.3
63.35, 45.3
81.75, 45.3
46.1, 45.35
52.25, 45.35
63.4, 45.35
81.75, 45.35
46.15, 45.4
55.95, 45.4
78.1, 45.4
88.85, 45.4
49.6, 45.45
56, 45.45
78.1, 45.45
85.25, 45.45
49.5, 45.5
55.95, 45.5
78, 45.5
85.2, 45.5
46.15, 45.55
52.3, 45.55
63.35, 45.55
81.7, 45.55
46.15, 45.6
55.95, 45.6
78.05, 45.6
85.2, 45.6
46.15, 45.65
55.95, 45.65
78, 45.65
85.2, 45.65
46.1, 45.7
52.25, 45.7
59.5, 45.7
78.15, 45.7
88.85, 45.7
49.5, 45.75
56, 45.75
78.1, 45.75
85.25, 45.75
49.55, 45.8
56, 45.8
78.05, 45.8
85.2, 45.8
46.1, 45.85
52.25, 45.85
63.35, 45.85
85.2, 45.85
46.15, 45.9
55.9, 45.9
63.4, 45.9
81.65, 45.9
46, 45.95
49.6, 45.95
56, 45.95
74.95, 45.95
81.7, 45.95
46.1, 46
49.7, 46
59.45, 46
78.05, 46
88.9, 46
49.55, 46.05
52.3, 46.05
63.4, 46.05
78.15, 46.05
88.85, 46.05
49.5, 46.1
52.25, 46.1
63.4, 46.1
78.1, 46.1
88.9, 46.1
49.55, 46.15
55.95, 46.15
74.9, 46.15
81.7, 46.15
46.1, 46.2
52.25, 46.2
63.35, 46.2
78.1, 46.2
88.9, 46.2
52.3, 46.25
63.35, 46.25
78.1, 46.25
46.05, 46.3
55.9, 46.3
63.4, 46.3
81.65, 46.3
46.1, 46.35
56, 46.35
74.95, 46.35
85.2, 46.35
52.25, 46.4
63.35, 46.4
78.15, 46.4
52.2, 46.45
59.5, 46.45
78.1, 46.45
88.9, 46.45
55.95, 46.5
74.9, 46.5
81.65, 46.5
46.15, 46.55
59.45, 46.55
78, 46.55
88.85, 46.55
55.95, 46.6
74.9, 46.6
81.65, 46.6
46.1, 46.65
56, 46.65
74.95, 46.65
85.2, 46.65
52.2, 46.7
63.35, 46.7
78.1, 46.7
46.05, 46.75
55.95, 46.75
74.9, 46.75
81.65, 46.75
46.15, 46.8
59.5, 46.8
78.1, 46.8
46, 46.85
56, 46.85
74.95, 46.85
88.85, 46.85
52.25, 46.9
63.35, 46.9
78.15, 46.9
46.1, 46.95
56, 46.95
73.6, 46.95
73.9, 46.95
75.05, 46.95
75.35, 46.95
75.65, 46.95
75.95, 46.95
76.25, 46.95
76.55, 46.95
76.95, 46.95
77.25, 46.95
77.55, 46.95
78, 46.95
78.3, 46.95
78.6, 46.95
78.9, 46.95
79.2, 46.95
79.55, 46.95
81.85, 46.95
82.15, 46.95
82.45, 46.95
82.75, 46.95
83.05, 46.95
83.35, 46.95
83.65, 46.95
83.95, 46.95
84.25, 46.95
84.55, 46.95
84.85, 46.95
85.15, 46.95
85.5, 46.95
85.95, 46.95
86.45, 46.95
88.8, 46.95
52.25, 47
63.35, 47
72.7, 47
73, 47
73.3, 47
73.6, 47
73.9, 47
74.2, 47
74.5, 47
74.8, 47
75.3, 47
75.6, 47
75.9, 47
76.2, 47
76.5, 47
76.8, 47
77.1, 47
77.4, 47
77.7, 47
78, 47
78.3, 47
78.6, 47
78.9, 47
79.2, 47
79.5, 47
79.8, 47
80.1, 47
80.4, 47
80.7, 47
81, 47
81.3, 47
81.6, 47
81.9, 47
82.2, 47
82.5, 47
82.8, 47
83.1, 47
83.4, 47
83.7, 47
84, 47
84.3, 47
84.6, 47
84.9, 47
85.2, 47
85.5, 47
85.8, 47
86.1, 47
86.4, 47
86.7, 47
87, 47
87.3, 47
87.6, 47
87.9, 47
88.2, 47
88.5, 47
88.8, 47
52.25, 47.05
63.35, 47.05
72.65, 47.05
72.95, 47.05
73.25, 47.05
73.55, 47.05
73.85, 47.05
74.15, 47.05
74.45, 47.05
74.75, 47.05
75.1, 47.05
75.4, 47.05
75.7, 47.05
76, 47.05
76.3, 47.05
76.6, 47.05
76.9, 47.05
77.2, 47.05
77.5, 47.05
77.8, 47.05
78.1, 47.05
78.4, 47.05
78.7, 47.05
79, 47.05
79.3, 47.05
79.6, 47.05
79.9, 47.05
80.2, 47.05
80.55, 47.05
80.9, 47.05
81.2, 47.05
84.65, 47.05
84.95, 47.05
85.25, 47.05
85.55, 47.05
85.85, 47.05
86.15, 47.05
86.45, 47.05
86.75, 47.05
87.05, 47.05
87.35, 47.05
87.65, 47.05
87.95, 47.05
88.25, 47.05
88.55, 47.05
88.85, 47.05
49.5, 47.1
55.95, 47.1
72.4, 47.1
72.7, 47.1
73, 47.1
73.3, 47.1
73.6, 47.1
73.9, 47.1
74.2, 47.1
74.5, 47.1
74.9, 47.1
75.2, 47.1
75.55, 47.1
76.2, 47.1
77.5, 47.1
77.95, 47.1
81.35, 47.1
46.15, 47.15
46.45, 47.15
46.75, 47.15
47.05, 47.15
47.35, 47.15
47.65, 47.15
47.95, 47.15
48.25, 47.15
48.55, 47.15
48.85, 47.15
49.15, 47.15
52.25, 47.15
59.45, 47.15
59.75, 47.15
60.05, 47.15
60.35, 47.15
60.65, 47.15
60.95, 47.15
61.25, 47.15
61.55, 47.15
61.85, 47.15
62.15, 47.15
72.4, 47.15
75.1, 47.15
88.85, 47.15
46.4, 47.2
46.85, 47.2
47.2, 47.2
47.5, 47.2
47.8, 47.2
48.1, 47.2
48.4, 47.2
48.7, 47.2
49, 47.2
49.3, 47.2
49.6, 47.2
52.35, 47.2
52.65, 47.2
52.95, 47.2
53.25, 47.2
53.55, 47.2
53.85, 47.2
54.15, 47.2
54.45, 47.2
54.75, 47.2
57.15, 47.2
57.45, 47.2
57.75, 47.2
58.05, 47.2
58.4, 47.2
58.75, 47.2
59.05, 47.2
59.35, 47.2
59.65, 47.2
59.95, 47.2
60.25, 47.2
60.55, 47.2
60.85, 47.2
61.25, 47.2
62, 47.2
63.4, 47.2
75.05, 47.2
84.55, 47.2
46.15, 47.25
46.45, 47.25
46.75, 47.25
47.05, 47.25
47.35, 47.25
47.65, 47.25
47.95, 47.25
48.25, 47.25
48.55, 47.25
48.85, 47.25
49.15, 47.25
49.45, 47.25
52.2, 47.25
52.5, 47.25
52.8, 47.25
53.1, 47.25
53.4, 47.25
53.7, 47.25
54, 47.25
54.3, 47.25
54.6, 47.25
55.95, 47.25
57.3, 47.25
57.6, 47.25
57.9, 47.25
58.2, 47.25
58.5, 47.25
58.8, 47.25
59.1, 47.25
59.4, 47.25
59.7, 47.25
60, 47.25
60.3, 47.25
60.6, 47.25
60.9, 47.25
61.2, 47.25
61.5, 47.25
61.8, 47.25
62.1, 47.25
72.25, 47.25
75.05, 47.25
81.5, 47.25
46.1, 47.3
47, 47.3
49.05, 47.3
49.35, 47.3
49.65, 47.3
52.4, 47.3
52.7, 47.3
53, 47.3
53.3, 47.3
53.6, 47.3
53.9, 47.3
54.2, 47.3
54.5, 47.3
54.8, 47.3
57.2, 47.3
72.2, 47.3
75.05, 47.3
88.85, 47.3
49.5, 47.35
56, 47.35
62.25, 47.35
72.3, 47.35
81.35, 47.35
84.65, 47.35
49.5, 47.4
56, 47.4
62.25, 47.4
72.25, 47.4
78.25, 47.4
88.85, 47.4
49.45, 47.45
56, 47.45
62.25, 47.45
72.2, 47.45
81.35, 47.45
88.9, 47.45
49.5, 47.5
57.15, 47.5
63.4, 47.5
75.05, 47.5
81.5, 47.5
49.4, 47.55
54.9, 47.55
62.15, 47.55
71.95, 47.55
75.05, 47.55
84.65, 47.55
49.4, 47.6
54.9, 47.6
56.1, 47.6
62.15, 47.6
63.3, 47.6
72.1, 47.6
81.45, 47.6
46.1, 47.65
54.8, 47.65
55.95, 47.65
57.15, 47.65
62.35, 47.65
71.9, 47.65
75.1, 47.65
84.65, 47.65
49.4, 47.7
54.9, 47.7
56.05, 47.7
57.2, 47.7
63.3, 47.7
74.95, 47.7
81.35, 47.7
88.85, 47.7
49.5, 47.75
57.2, 47.75
72, 47.75
81.35, 47.75
46.1, 47.8
54.75, 47.8
62.15, 47.8
75, 47.8
81.4, 47.8
49.4, 47.85
71.95, 47.85
81.35, 47.85
46.05, 47.9
49.55, 47.9
75.05, 47.9
84.55, 47.9
46.15, 47.95
71.95, 47.95
78.3, 47.95
88.9, 47.95
49.5, 48
75.05, 48
84.55, 48
46.15, 48.05
71.95, 48.05
78.25, 48.05
84.65, 48.05
49.4, 48.1
72, 48.1
78.3, 48.1
88.85, 48.1
49.45, 48.15
74.95, 48.15
81.35, 48.15
46.05, 48.2
49.55, 48.2
75.1, 48.2
84.65, 48.2
49.4, 48.25
72, 48.25
81.35, 48.25
46.1, 48.3
71.9, 48.3
78.2, 48.3
84.6, 48.3
49.4, 48.35
72, 48.35
78.3, 48.35
46.05, 48.4
49.55, 48.4
75.05, 48.4
84.55, 48.4
46.15, 48.45
71.95, 48.45
78.3, 48.45
46.05, 48.5
49.55, 48.5
75.1, 48.5
84.55, 48.5
46.15, 48.55
71.95, 48.55
81.35, 48.55
46.1, 48.6
71.9, 48.6
78.25, 48.6
88.85, 48.6
49.45, 48.65
75, 48.65
81.4, 48.65
46.15, 48.7
71.95, 48.7
78.25, 48.7
84.6, 48.7
46.15, 48.75
71.95, 48.75
78.3, 48.75
88.9, 48.75
49.55, 48.8
78.2, 48.8
84.55, 48.8
46.15, 48.85
71.95, 48.85
78.25, 48.85
84.65, 48.85
49.45, 48.9
75, 48.9
81.35, 48.9
88.9, 48.9
49.55, 48.95
78.2, 48.95
84.65, 48.95
49.4, 49
72, 49
78.3, 49
84.65, 49
49.4, 49.05
72, 49.05
78.3, 49.05
88.85, 49.05
49.45, 49.1
52.75, 49.1
53.05, 49.1
53.35, 49.1
53.65, 49.1
53.95, 49.1
54.25, 49.1
54.55, 49.1
54.85, 49.1
55.15, 49.1
55.45, 49.1
55.75, 49.1
56.05, 49.1
56.35, 49.1
56.65, 49.1
56.95, 49.1
57.25, 49.1
57.55, 49.1
57.85, 49.1
58.15, 49.1
58.45, 49.1
58.75, 49.1
59.05, 49.1
59.35, 49.1
59.65, 49.1
59.95, 49.1
60.25, 49.1
60.55, 49.1
60.85, 49.1
61.15, 49.1
61.45, 49.1
61.75, 49.1
62.05, 49.1
78.2, 49.1
84.55, 49.1
46.15, 49.15
52.55, 49.15
52.85, 49.15
53.15, 49.15
53.45, 49.15
53.75, 49.15
54.05, 49.15
54.35, 49.15
54.65, 49.15
54.95, 49.15
55.25, 49.15
55.55, 49.15
55.85, 49.15
56.15, 49.15
56.45, 49.15
56.75, 49.15
57.05, 49.15
57.35, 49.15
57.65, 49.15
58.05, 49.15
58.45, 49.15
58.9, 49.15
59.45, 49.15
60.15, 49.15
61.4, 49.15
72, 49.15
81.35, 49.15
88.85, 49.15
49.45, 49.2
52.6, 49.2
52.9, 49.2
53.2, 49.2
53.5, 49.2
53.8, 49.2
59.25, 49.2
62.05, 49.2
75, 49.2
81.4, 49.2
46.05, 49.25
49.55, 49.25
61.65, 49.25
71.9, 49.25
78.25, 49.25
84.65, 49.25
49.4, 49.3
52.55, 49.3
61.8, 49.3
71.95, 49.3
78.3, 49.3
88.85, 49.3
49.45, 49.35
52.65, 49.35
61.85, 49.35
72, 49.35
81.35, 49.35
88.9, 49.35
49.5, 49.4
53.6, 49.4
61.95, 49.4
75.05, 49.4
84.5, 49.4
46.1, 49.45
52.6, 49.45
61.65, 49.45
71.95, 49.45
78.3, 49.45
88.85, 49.45
49.45, 49.5
53.5, 49.5
62.05, 49.5
75.05, 49.5
84.5, 49.5
46, 49.55
49.55, 49.55
53.8, 49.55
62.15, 49.55
78.2, 49.55
84.55, 49.55
46.1, 49.6
52.8, 49.6
61.65, 49.6
71.9, 49.6
78.25, 49.6
84.6, 49.6
46.15, 49.65
52.85, 49.65
53.8, 49.65
62.2, 49.65
75.05, 49.65
84.5, 49.65
46.1, 49.7
49.55, 49.7
53.75, 49.7
62.2, 49.7
75, 49.7
81.4, 49.7
88.9, 49.7
49.3, 49.75
53.2, 49.75
61.7, 49.75
71.95, 49.75
78.3, 49.75
88.85, 49.75
49.4, 49.8
53.2, 49.8
60.5, 49.8
61.7, 49.8
71.95, 49.8
78.3, 49.8
88.9, 49.8
49.2, 49.85
53.1, 49.85
54, 49.85
54.3, 49.85
54.6, 49.85
54.9, 49.85
55.2, 49.85
55.5, 49.85
55.8, 49.85
56.1, 49.85
56.4, 49.85
56.7, 49.85
57, 49.85
57.3, 49.85
57.6, 49.85
57.9, 49.85
58.2, 49.85
58.5, 49.85
58.8, 49.85
59.1, 49.85
59.4, 49.85
59.7, 49.85
60, 49.85
60.3, 49.85
60.6, 49.85
60.9, 49.85
61.2, 49.85
61.5, 49.85
62.4, 49.85
75.05, 49.85
84.55, 49.85
46.1, 49.9
49.35, 49.9
53.95, 49.9
54.25, 49.9
54.55, 49.9
54.85, 49.9
55.15, 49.9
55.5, 49.9
55.85, 49.9
56.15, 49.9
56.5, 49.9
56.95, 49.9
59.4, 49.9
60, 49.9
60.3, 49.9
60.6, 49.9
60.9, 49.9
61.2, 49.9
61.5, 49.9
62.45, 49.9
75.05, 49.9
84.55, 49.9
46.1, 49.95
49.3, 49.95
71.95, 49.95
78.3, 49.95
88.85, 49.95
49.05, 50
71.9, 50
78.25, 50
84.65, 50
48.95, 50.05
71.95, 50.05
78.3, 50.05
88.85, 50.05
49, 50.1
75, 50.1
81.4, 50.1
46.05, 50.15
49.05, 50.15
75.05, 50.15
84.55, 50.15
46.1, 50.2
71.9, 50.2
78.25, 50.2
84.65, 50.2
46.15, 50.25
71.9, 50.25
78.25, 50.25
84.65, 50.25
48.75, 50.3
72, 50.3
81.35, 50.3
88.9, 50.3
48.75, 50.35
75, 50.35
81.4, 50.35
46.1, 50.4
63.35, 50.4
78.2, 50.4
84.6, 50.4
46.1, 50.45
48.8, 50.45
75, 50.45
81.4, 50.45
46.1, 50.5
48.75, 50.5
71.95, 50.5
78.3, 50.5
88.85, 50.5
48.45, 50.55
63.15, 50.55
63.5, 50.55
78.2, 50.55
84.6, 50.55
41.3, 50.6
41.8, 50.6
42.45, 50.6
43.1, 50.6
44.15, 50.6
46.05, 50.6
48.65, 50.6
63.2, 50.6
71.95, 50.6
78.3, 50.6
88.9, 50.6
41.4, 50.65
41.7, 50.65
42, 50.65
42.3, 50.65
42.6, 50.65
42.9, 50.65
43.2, 50.65
43.5, 50.65
43.8, 50.65
44.1, 50.65
44.4, 50.65
44.7, 50.65
45, 50.65
45.3, 50.65
45.6, 50.65
46, 50.65
48.5, 50.65
63.15, 50.65
75, 50.65
81.4, 50.65
41.15, 50.7
43.95, 50.7
44.5, 50.7
44.95, 50.7
45.5, 50.7
46, 50.7
48.5, 50.7
63.2, 50.7
75, 50.7
81.4, 50.7
41.2, 50.75
41.6, 50.75
42, 50.75
42.45, 50.75
42.9, 50.75
48.5, 50.75
63.45, 50.75
75.05, 50.75
84.55, 50.75
41.2, 50.8
41.55, 50.8
41.85, 50.8
42.15, 50.8
42.5, 50.8
42.8, 50.8
43.1, 50.8
43.4, 50.8
43.7, 50.8
44, 50.8
44.3, 50.8
44.6, 50.8
44.9, 50.8
45.5, 50.8
46.1, 50.8
52.2, 50.8
71.9, 50.8
78.25, 50.8
84.65, 50.8
41.3, 50.85
41.85, 50.85
42.15, 50.85
42.45, 50.85
42.75, 50.85
43.05, 50.85
43.35, 50.85
43.65, 50.85
43.95, 50.85
44.25, 50.85
44.55, 50.85
44.85, 50.85
45.15, 50.85
45.45, 50.85
45.75, 50.85
46.1, 50.85
52.15, 50.85
71.9, 50.85
78.25, 50.85
84.65, 50.85
46, 50.9
48.35, 50.9
63.5, 50.9
78.2, 50.9
84.6, 50.9
41.3, 50.95
48.3, 50.95
71.9, 50.95
78.3, 50.95
88.9, 50.95
48.05, 51
50.7, 51
71.95, 51
81.35, 51
41.15, 51.05
48.05, 51.05
50.7, 51.05
71.9, 51.05
78.3, 51.05
78.85, 51.05
79.15, 51.05
80.5, 51.05
80.8, 51.05
81.1, 51.05
81.4, 51.05
81.7, 51.05
82, 51.05
82.3, 51.05
82.6, 51.05
82.9, 51.05
83.2, 51.05
84.4, 51.05
41.15, 51.1
47.95, 51.1
50.6, 51.1
51.95, 51.1
72.05, 51.1
75.3, 51.1
76.25, 51.1
78.35, 51.1
78.7, 51.1
79.1, 51.1
83.45, 51.1
88.85, 51.1
45.95, 51.15
50.55, 51.15
51.9, 51.15
72.05, 51.15
73.2, 51.15
73.5, 51.15
73.8, 51.15
74.1, 51.15
74.4, 51.15
74.7, 51.15
75, 51.15
75.3, 51.15
75.6, 51.15
75.9, 51.15
76.2, 51.15
77.35, 51.15
77.65, 51.15
77.95, 51.15
78.25, 51.15
78.55, 51.15
78.85, 51.15
79.15, 51.15
80.45, 51.15
84.35, 51.15
41.15, 51.2
48, 51.2
50.85, 51.2
71.9, 51.2
73.05, 51.2
73.35, 51.2
73.65, 51.2
73.95, 51.2
74.25, 51.2
74.55, 51.2
74.85, 51.2
75.15, 51.2
75.45, 51.2
75.75, 51.2
76.05, 51.2
77.2, 51.2
77.55, 51.2
77.85, 51.2
78.15, 51.2
78.45, 51.2
78.75, 51.2
79.05, 51.2
79.35, 51.2
84.45, 51.2
88.9, 51.2
47.85, 51.25
50.75, 51.25
51.8, 51.25
72.05, 51.25
73.2, 51.25
73.5, 51.25
73.8, 51.25
77.3, 51.25
79.35, 51.25
83.35, 51.25
88.85, 51.25
45.95, 51.3
50.8, 51.3
51.75, 51.3
75.8, 51.3
77.45, 51.3
80.45, 51.3
84.65, 51.3
41.3, 51.35
50.9, 51.35
63.4, 51.35
77.3, 51.35
80.4, 51.35
84.6, 51.35
41.25, 51.4
50.9, 51.4
51.65, 51.4
71.95, 51.4
79.3, 51.4
84.55, 51.4
41.3, 51.45
51, 51.45
63.3, 51.45
71.95, 51.45
79.3, 51.45
84.55, 51.45
41.2, 51.5
50.15, 51.5
51.2, 51.5
63.4, 51.5
77.4, 51.5
80.4, 51.5
84.6, 51.5
41.25, 51.55
51.1, 51.55
63.2, 51.55
71.9, 51.55
79.25, 51.55
80.4, 51.55
88.9, 51.55
45.95, 51.6
51.2, 51.6
63.2, 51.6
79.25, 51.6
80.35, 51.6
88.85, 51.6
45.95, 51.65
51.3, 51.65
63.45, 51.65
79.3, 51.65
80.4, 51.65
83.3, 51.65
41.3, 51.7
51.2, 51.7
63.15, 51.7
79.25, 51.7
80.55, 51.7
80.85, 51.7
81.15, 51.7
81.45, 51.7
81.75, 51.7
82.05, 51.7
82.35, 51.7
82.65, 51.7
82.95, 51.7
88.9, 51.7
45.95, 51.75
51.25, 51.75
63.15, 51.75
79.25, 51.75
80.55, 51.75
80.85, 51.75
81.15, 51.75
81.45, 51.75
81.75, 51.75
82.05, 51.75
82.35, 51.75
82.65, 51.75
82.95, 51.75
88.9, 51.75
46, 51.8
62.05, 51.8
63.1, 51.8
65.3, 51.8
65.6, 51.8
65.9, 51.8
66.2, 51.8
66.5, 51.8
66.95, 51.8
67.4, 51.8
67.7, 51.8
68.1, 51.8
68.55, 51.8
68.85, 51.8
69.3, 51.8
69.75, 51.8
70.05, 51.8
41.25, 51.85
49.85, 51.85
62.1, 51.85
63.05, 51.85
65.15, 51.85
65.95, 51.85
66.3, 51.85
66.6, 51.85
66.9, 51.85
67.2, 51.85
67.5, 51.85
67.8, 51.85
68.1, 51.85
68.4, 51.85
68.7, 51.85
69, 51.85
69.3, 51.85
69.6, 51.85
69.9, 51.85
70.2, 51.85
88.9, 51.85
45.95, 51.9
49.8, 51.9
62.1, 51.9
62.95, 51.9
65.1, 51.9
69.05, 51.9
86.3, 51.9
86.6, 51.9
86.9, 51.9
87.2, 51.9
87.5, 51.9
41.15, 51.95
46, 51.95
49.7, 51.95
62.15, 51.95
62.95, 51.95
70.4, 51.95
86.55, 51.95
86.85, 51.95
87.15, 51.95
87.45, 51.95
87.75, 51.95
88.05, 51.95
88.35, 51.95
88.65, 51.95
41.15, 52
47.05, 52
49.7, 52
62.3, 52
63.45, 52
86.3, 52
86.6, 52
86.9, 52
87.2, 52
87.5, 52
87.8, 52
88.1, 52
88.4, 52
88.7, 52
41.2, 52.05
47, 52.05
49.65, 52.05
62.3, 52.05
62.85, 52.05
70.4, 52.05
41.3, 52.1
47.05, 52.1
50.9, 52.1
62.4, 52.1
63.45, 52.1
88.85, 52.1
45.95, 52.15
47.1, 52.15
61.95, 52.15
62.7, 52.15
70.35, 52.15
45.9, 52.2
46.2, 52.2
46.5, 52.2
46.8, 52.2
49.45, 52.2
62.4, 52.2
62.7, 52.2
70.4, 52.2
41.3, 52.25
46.15, 52.25
46.45, 52.25
46.75, 52.25
49.4, 52.25
62.15, 52.25
63.45, 52.25
88.85, 52.25
45.9, 52.3
46.25, 52.3
46.55, 52.3
46.85, 52.3
50.7, 52.3
62.6, 52.3
70.4, 52.3
45.9, 52.35
61.95, 52.35
65, 52.35
41.15, 52.4
50.5, 52.4
63.5, 52.4
75.85, 52.4
41.3, 52.45
50.55, 52.45
63.5, 52.45
71.95, 52.45
88.9, 52.45
49.2, 52.5
63.5, 52.5
71.95, 52.5
72.75, 52.5
73.05, 52.5
73.35, 52.5
73.65, 52.5
73.95, 52.5
74.25, 52.5
74.55, 52.5
74.85, 52.5
75.15, 52.5
75.45, 52.5
75.75, 52.5
88.85, 52.5
46, 52.55
62, 52.55
64.5, 52.55
64.8, 52.55
70.4, 52.55
70.7, 52.55
71.85, 52.55
72.15, 52.55
72.45, 52.55
72.75, 52.55
73.05, 52.55
73.35, 52.55
73.65, 52.55
73.95, 52.55
74.25, 52.55
74.8, 52.55
75.25, 52.55
75.55, 52.55
75.9, 52.55
41.2, 52.6
49.1, 52.6
63.45, 52.6
64.65, 52.6
64.95, 52.6
70, 52.6
70.4, 52.6
70.7, 52.6
71.85, 52.6
72.3, 52.6
72.6, 52.6
72.9, 52.6
73.2, 52.6
73.5, 52.6
73.8, 52.6
74.1, 52.6
74.4, 52.6
74.7, 52.6
75, 52.6
75.3, 52.6
75.6, 52.6
75.9, 52.6
41.15, 52.65
49, 52.65
63.45, 52.65
67.8, 52.65
68.2, 52.65
68.5, 52.65
68.8, 52.65
69.1, 52.65
69.4, 52.65
69.7, 52.65
70, 52.65
70.3, 52.65
70.6, 52.65
70.9, 52.65
72.05, 52.65
41.15, 52.7
48.95, 52.7
62, 52.7
64.5, 52.7
64.8, 52.7
65.1, 52.7
65.45, 52.7
65.75, 52.7
66.05, 52.7
66.35, 52.7
66.65, 52.7
66.95, 52.7
67.3, 52.7
67.8, 52.7
68.1, 52.7
68.4, 52.7
68.7, 52.7
69, 52.7
69.3, 52.7
70.15, 52.7
75.8, 52.7
41.15, 52.75
48.95, 52.75
63.5, 52.75
65.7, 52.75
66, 52.75
66.3, 52.75
66.6, 52.75
66.9, 52.75
70.25, 52.75
88.95, 52.75
48.85, 52.8
62, 52.8
65.25, 52.8
67.1, 52.8
67.4, 52.8
67.7, 52.8
88.95, 52.8
46, 52.85
62, 52.85
67.7, 52.85
88.85, 52.85
46, 52.9
61.95, 52.9
67.7, 52.9
41.15, 52.95
49, 52.95
62, 52.95
67.7, 52.95
41.15, 53
49.1, 53
63.45, 53
71.9, 53
41.25, 53.05
49.9, 53.05
63.5, 53.05
71.95, 53.05
45.9, 53.1
49.2, 53.1
62.15, 53.1
67.8, 53.1
88.95, 53.1
46.05, 53.15
49.9, 53.15
67.65, 53.15
88.9, 53.15
46.05, 53.2
61.95, 53.2
67.65, 53.2
88.9, 53.2
49.3, 53.25
62.15, 53.25
67.75, 53.25
88.9, 53.25
46, 53.3
62, 53.3
67.7, 53.3
88.9, 53.3
49.7, 53.35
63.55, 53.35
71.95, 53.35
41.25, 53.4
62, 53.4
67.7, 53.4
88.85, 53.4
49.6, 53.45
63.55, 53.45
71.9, 53.45
41.15, 53.5
49.6, 53.5
63.55, 53.5
71.9, 53.5
41.25, 53.55
61.95, 53.55
67.65, 53.55
71.95, 53.55
88.95, 53.55
48.2, 53.6
62.15, 53.6
67.75, 53.6
75.8, 53.6
41.25, 53.65
62, 53.65
67.7, 53.65
70.2, 53.65
75.55, 53.65
75.85, 53.65
88.95, 53.65
49.55, 53.7
63.5, 53.7
67.7, 53.7
70.25, 53.7
75.6, 53.7
75.95, 53.7
47.95, 53.75
63.45, 53.75
67.7, 53.75
71.9, 53.75
75.75, 53.75
88.9, 53.75
49.55, 53.8
63.55, 53.8
67.8, 53.8
71.95, 53.8
75.7, 53.8
41.15, 53.85
61.95, 53.85
63.5, 53.85
67.7, 53.85
70.25, 53.85
75.6, 53.85
49.55, 53.9
65.25, 53.9
67.85, 53.9
72, 53.9
47.75, 53.95
65.2, 53.95
67.8, 53.95
71.95, 53.95
41.25, 54
63.55, 54
67.75, 54
71.9, 54
41.15, 54.05
63.5, 54.05
67.7, 54.05
70.25, 54.05
75.6, 54.05
49.6, 54.1
67.6, 54.1
68.9, 54.1
71.9, 54.1
41.15, 54.15
63.5, 54.15
67.7, 54.15
70.15, 54.15
75.5, 54.15
45.9, 54.2
49.6, 54.2
66.45, 54.2
67.75, 54.2
70.2, 54.2
75.55, 54.2
41.45, 54.25
42, 54.25
42.6, 54.25
43, 54.25
43.4, 54.25
45.85, 54.25
49.5, 54.25
65.2, 54.25
67.7, 54.25
70.15, 54.25
75.5, 54.25
41.3, 54.3
41.6, 54.3
41.9, 54.3
42.2, 54.3
42.5, 54.3
42.8, 54.3
43.1, 54.3
43.4, 54.3
43.7, 54.3
44, 54.3
44.3, 54.3
44.6, 54.3
44.9, 54.3
45.2, 54.3
45.5, 54.3
45.8, 54.3
47.8, 54.3
65.2, 54.3
67.7, 54.3
70.15, 54.3
75.5, 54.3
41.45, 54.35
41.95, 54.35
42.6, 54.35
43.05, 54.35
43.5, 54.35
43.85, 54.35
44.3, 54.35
44.6, 54.35
44.9, 54.35
45.2, 54.35
45.5, 54.35
45.95, 54.35
63.45, 54.35
66.55, 54.35
67.85, 54.35
71.9, 54.35
41.15, 54.4
41.5, 54.4
41.8, 54.4
42.1, 54.4
42.4, 54.4
42.7, 54.4
43, 54.4
43.3, 54.4
43.6, 54.4
43.9, 54.4
44.2, 54.4
44.5, 54.4
44.8, 54.4
45.1, 54.4
45.4, 54.4
45.7, 54.4
46, 54.4
63.5, 54.4
66.55, 54.4
67.85, 54.4
71.9, 54.4
41.25, 54.45
47.8, 54.45
63.55, 54.45
67.6, 54.45
68.9, 54.45
71.95, 54.45
41.3, 54.5
49.55, 54.5
65.25, 54.5
67.75, 54.5
70.2, 54.5
75.55, 54.5
49.55, 54.55
65.25, 54.55
67.75, 54.55
70.2, 54.55
75.55, 54.55
49.55, 54.6
65.25, 54.6
67.7, 54.6
70.15, 54.6
75.5, 54.6
47.8, 54.65
65.2, 54.65
67.75, 54.65
70.2, 54.65
75.55, 54.65
49.55, 54.7
65.25, 54.7
67.8, 54.7
70.25, 54.7
75.6, 54.7
49.55, 54.75
65.25, 54.75
67.75, 54.75
70.2, 54.75
75.55, 54.75
41.25, 54.8
63.45, 54.8
67.6, 54.8
68.95, 54.8
75.5, 54.8
77.9, 54.8
47.75, 54.85
63.55, 54.85
67.65, 54.85
70.2, 54.85
75.6, 54.85
88.95, 54.85
49.6, 54.9
67.6, 54.9
70.2, 54.9
75.55, 54.9
88.9, 54.9
49.5, 54.95
65.2, 54.95
67.85, 54.95
72, 54.95
77.85, 54.95
47.75, 55
63.55, 55
67.85, 55
72, 55
77.9, 55
49.55, 55.05
66.45, 55.05
70.15, 55.05
75.55, 55.05
88.9, 55.05
49.55, 55.1
65.25, 55.1
70.15, 55.1
75.55, 55.1
88.9, 55.1
49.6, 55.15
67.6, 55.15
70.25, 55.15
77.75, 55.15
41.25, 55.2
49.6, 55.2
66.5, 55.2
70.2, 55.2
75.6, 55.2
88.95, 55.2
63.45, 55.25
67.6, 55.25
70.25, 55.25
77.8, 55.25
41.3, 55.3
63.45, 55.3
67.85, 55.3
72, 55.3
77.85, 55.3
45.9, 55.35
49.6, 55.35
66.45, 55.35
70.25, 55.35
77.8, 55.35
41.3, 55.4
49.55, 55.4
66.5, 55.4
70.2, 55.4
70.5, 55.4
70.8, 55.4
75.55, 55.4
88.95, 55.4
46.05, 55.45
63.45, 55.45
64.75, 55.45
65.05, 55.45
67.85, 55.45
68.15, 55.45
68.45, 55.45
68.75, 55.45
69.05, 55.45
69.35, 55.45
69.65, 55.45
69.95, 55.45
70.3, 55.45
70.6, 55.45
70.9, 55.45
77.8, 55.45
41.3, 55.5
47.75, 55.5
64.55, 55.5
64.85, 55.5
65.15, 55.5
65.45, 55.5
65.75, 55.5
68.2, 55.5
68.5, 55.5
68.8, 55.5
69.1, 55.5
69.4, 55.5
69.7, 55.5
70.2, 55.5
70.5, 55.5
70.8, 55.5
75.55, 55.5
88.9, 55.5
46, 55.55
49.6, 55.55
63.5, 55.55
64.75, 55.55
65.05, 55.55
65.35, 55.55
66.05, 55.55
66.35, 55.55
66.65, 55.55
66.95, 55.55
67.25, 55.55
67.55, 55.55
68.65, 55.55
68.95, 55.55
69.25, 55.55
69.55, 55.55
69.85, 55.55
70.15, 55.55
70.45, 55.55
70.75, 55.55
75.5, 55.55
77.9, 55.55
46, 55.6
49.6, 55.6
63.45, 55.6
64.7, 55.6
65, 55.6
65.3, 55.6
65.6, 55.6
65.9, 55.6
66.2, 55.6
66.5, 55.6
66.8, 55.6
67.1, 55.6
67.4, 55.6
72, 55.6
77.85, 55.6
45.9, 55.65
61.95, 55.65
65.45, 55.65
72, 55.65
77.85, 55.65
45.9, 55.7
61.95, 55.7
63.5, 55.7
70.15, 55.7
77.75, 55.7
41.25, 55.75
49.55, 55.75
63.45, 55.75
68.1, 55.75
75.6, 55.75
88.95, 55.75
47.75, 55.8
62.05, 55.8
67.55, 55.8
77.75, 55.8
41.25, 55.85
49.55, 55.85
63.5, 55.85
75.55, 55.85
88.95, 55.85
47.75, 55.9
62.05, 55.9
68.1, 55.9
77.8, 55.9
41.3, 55.95
49.55, 55.95
63.5, 55.95
75.55, 55.95
88.95, 55.95
47.75, 56
62.05, 56
72, 56
72.3, 56
72.6, 56
72.9, 56
73.2, 56
73.5, 56
73.8, 56
74.1, 56
74.4, 56
74.7, 56
75, 56
75.3, 56
75.6, 56
88.95, 56
47.7, 56.05
62.15, 56.05
72, 56.05
72.3, 56.05
72.6, 56.05
72.9, 56.05
73.2, 56.05
73.5, 56.05
73.8, 56.05
74.1, 56.05
74.4, 56.05
74.7, 56.05
75, 56.05
75.3, 56.05
75.6, 56.05
88.95, 56.05
47.7, 56.1
62, 56.1
67.55, 56.1
74.8, 56.1
77.9, 56.1
45.95, 56.15
49.55, 56.15
63.45, 56.15
72.05, 56.15
72.55, 56.15
75.55, 56.15
88.9, 56.15
46, 56.2
62, 56.2
68.1, 56.2
77.85, 56.2
45.9, 56.25
49.5, 56.25
62.15, 56.25
72, 56.25
77.85, 56.25
45.9, 56.3
49.6, 56.3
63.55, 56.3
77.8, 56.3
41.3, 56.35
49.55, 56.35
63.45, 56.35
72, 56.35
77.9, 56.35
45.95, 56.4
62.15, 56.4
63.7, 56.4
64, 56.4
72, 56.4
88.9, 56.4
46, 56.45
62.05, 56.45
68.1, 56.45
77.85, 56.45
45.95, 56.5
61.95, 56.5
63.65, 56.5
68.1, 56.5
77.85, 56.5
45.9, 56.55
49.6, 56.55
63.5, 56.55
63.8, 56.55
64.1, 56.55
75.6, 56.55
41.25, 56.6
47.75, 56.6
62.15, 56.6
72, 56.6
77.9, 56.6
45.95, 56.65
49.6, 56.65
63.55, 56.65
75.6, 56.65
41.3, 56.7
49.55, 56.7
63.45, 56.7
70.15, 56.7
77.85, 56.7
45.9, 56.75
49.6, 56.75
63.55, 56.75
72, 56.75
88.9, 56.75
46, 56.8
47.7, 56.8
63.5, 56.8
70.15, 56.8
77.9, 56.8
45.95, 56.85
47.8, 56.85
63.55, 56.85
70.15, 56.85
88.9, 56.85
46.15, 56.9
63.45, 56.9
70.15, 56.9
41.25, 56.95
46.1, 56.95
62.15, 56.95
67.55, 56.95
88.9, 56.95
46.05, 57
62, 57
65.5, 57
75.6, 57
46, 57.05
62, 57.05
67.55, 57.05
68.35, 57.05
68.65, 57.05
68.95, 57.05
69.25, 57.05
69.55, 57.05
69.85, 57.05
70.15, 57.05
75.75, 57.05
88.9, 57.05
47.6, 57.1
63.45, 57.1
65.6, 57.1
65.9, 57.1
66.2, 57.1
66.5, 57.1
66.8, 57.1
67.1, 57.1
67.4, 57.1
69.5, 57.1
69.9, 57.1
72, 57.1
75.75, 57.1
88.9, 57.1
47.6, 57.15
63.5, 57.15
65.7, 57.15
66, 57.15
66.3, 57.15
66.6, 57.15
66.9, 57.15
67.2, 57.15
68.1, 57.15
75.85, 57.15
41.25, 57.2
47.7, 57.2
63.5, 57.2
72, 57.2
76, 57.2
47.6, 57.25
63.45, 57.25
72, 57.25
88.95, 57.25
47.65, 57.3
63.45, 57.3
72.05, 57.3
41.3, 57.35
62, 57.35
72, 57.35
45.9, 57.4
62, 57.4
68.1, 57.4
41.3, 57.45
62, 57.45
72, 57.45
45.95, 57.5
62.05, 57.5
68.1, 57.5
45.9, 57.55
62, 57.55
72, 57.55
45.9, 57.6
62.15, 57.6
72, 57.6
46, 57.65
61.95, 57.65
68.1, 57.65
41.25, 57.7
49.55, 57.7
63.45, 57.7
88.9, 57.7
47.75, 57.75
62.15, 57.75
71.95, 57.75
85.05, 57.75
85.35, 57.75
85.65, 57.75
85.95, 57.75
86.25, 57.75
86.55, 57.75
86.85, 57.75
87.15, 57.75
87.45, 57.75
87.75, 57.75
88.1, 57.75
88.4, 57.75
88.7, 57.75
41.3, 57.8
49.5, 57.8
63.45, 57.8
72.05, 57.8
85.15, 57.8
85.45, 57.8
85.75, 57.8
86.05, 57.8
86.35, 57.8
86.65, 57.8
86.95, 57.8
87.25, 57.8
87.55, 57.8
87.85, 57.8
88.15, 57.8
88.45, 57.8
88.75, 57.8
45.9, 57.85
61.95, 57.85
69.5, 57.85
85, 57.85
85.3, 57.85
85.6, 57.85
85.9, 57.85
86.2, 57.85
86.5, 57.85
86.8, 57.85
87.1, 57.85
87.4, 57.85
87.7, 57.85
88.05, 57.85
88.35, 57.85
41.25, 57.9
41.55, 57.9
41.85, 57.9
42.15, 57.9
42.45, 57.9
42.75, 57.9
43.85, 57.9
44.3, 57.9
44.6, 57.9
47.8, 57.9
48.2, 57.9
48.5, 57.9
48.8, 57.9
49.15, 57.9
49.75, 57.9
50.05, 57.9
50.35, 57.9
50.65, 57.9
50.95, 57.9
51.25, 57.9
51.55, 57.9
51.85, 57.9
52.15, 57.9
52.45, 57.9
52.75, 57.9
53.05, 57.9
53.35, 57.9
53.65, 57.9
53.95, 57.9
54.25, 57.9
54.55, 57.9
54.85, 57.9
55.15, 57.9
55.45, 57.9
55.75, 57.9
56.05, 57.9
56.35, 57.9
56.65, 57.9
56.95, 57.9
57.25, 57.9
57.55, 57.9
57.85, 57.9
58.15, 57.9
58.45, 57.9
58.75, 57.9
59.05, 57.9
59.35, 57.9
59.65, 57.9
59.95, 57.9
60.25, 57.9
60.55, 57.9
60.85, 57.9
61.15, 57.9
61.45, 57.9
61.75, 57.9
62.05, 57.9
62.4, 57.9
62.7, 57.9
63, 57.9
63.3, 57.9
67.55, 57.9
84.9, 57.9
41.3, 57.95
41.6, 57.95
42.05, 57.95
42.35, 57.95
42.65, 57.95
42.95, 57.95
43.25, 57.95
43.55, 57.95
43.85, 57.95
44.15, 57.95
44.45, 57.95
44.75, 57.95
45.05, 57.95
45.35, 57.95
45.65, 57.95
45.95, 57.95
47.65, 57.95
47.95, 57.95
48.25, 57.95
48.55, 57.95
48.85, 57.95
49.15, 57.95
49.45, 57.95
49.75, 57.95
50.05, 57.95
50.35, 57.95
50.65, 57.95
50.95, 57.95
51.25, 57.95
51.55, 57.95
51.85, 57.95
52.15, 57.95
52.45, 57.95
52.75, 57.95
53.05, 57.95
53.35, 57.95
53.65, 57.95
53.95, 57.95
54.25, 57.95
54.55, 57.95
54.85, 57.95
55.15, 57.95
55.45, 57.95
55.75, 57.95
56.05, 57.95
56.35, 57.95
56.65, 57.95
56.95, 57.95
57.25, 57.95
57.55, 57.95
57.85, 57.95
58.15, 57.95
58.45, 57.95
58.75, 57.95
59.05, 57.95
59.35, 57.95
59.65, 57.95
59.95, 57.95
60.25, 57.95
60.55, 57.95
60.85, 57.95
61.15, 57.95
61.45, 57.95
61.75, 57.95
62.05, 57.95
62.35, 57.95
62.65, 57.95
62.95, 57.95
63.25, 57.95
63.55, 57.95
68.45, 57.95
68.85, 57.95
69.15, 57.95
72, 57.95
41.25, 58
41.55, 58
41.85, 58
42.15, 58
42.45, 58
42.75, 58
43.05, 58
43.35, 58
43.65, 58
43.95, 58
44.25, 58
44.55, 58
44.85, 58
45.15, 58
45.45, 58
45.75, 58
46.05, 58
47.75, 58
48.05, 58
48.35, 58
48.65, 58
48.95, 58
49.25, 58
49.55, 58
49.85, 58
50.15, 58
50.45, 58
50.75, 58
51.05, 58
51.35, 58
51.65, 58
51.95, 58
52.25, 58
52.55, 58
52.85, 58
53.15, 58
53.45, 58
53.75, 58
54.05, 58
54.35, 58
54.65, 58
54.95, 58
55.25, 58
55.55, 58
55.85, 58
56.15, 58
56.45, 58
56.75, 58
57.1, 58
57.4, 58
57.7, 58
58, 58
58.3, 58
58.6, 58
58.9, 58
59.2, 58
59.5, 58
59.8, 58
60.15, 58
60.45, 58
60.85, 58
61.15, 58
61.55, 58
62, 58
62.45, 58
63.3, 58
68.1, 58
68.4, 58
68.7, 58
69, 58
69.3, 58
72, 58
41.25, 58.05
46.15, 58.05
63.55, 58.05
66.4, 58.05
66.8, 58.05
71.95, 58.05
88.9, 58.05
63.5, 58.1
66.4, 58.1
66.7, 58.1
67, 58.1
67.3, 58.1
68.1, 58.1
84.95, 58.1
45.95, 58.15
66.15, 58.15
71.85, 58.15
75.85, 58.15
41.2, 58.2
47.75, 58.2
69.5, 58.2
71.6, 58.2
71.9, 58.2
75.8, 58.2
88.9, 58.2
63.5, 58.25
71.95, 58.25
75.65, 58.25
84.9, 58.25
45.9, 58.3
67.55, 58.3
71.55, 58.3
71.85, 58.3
75.7, 58.3
84.9, 58.3
46, 58.35
68.1, 58.35
71.6, 58.35
71.9, 58.35
75.65, 58.35
75.95, 58.35
41.2, 58.4
47.7, 58.4
71.4, 58.4
71.7, 58.4
72, 58.4
75.8, 58.4
88.85, 58.4
47.75, 58.45
71.95, 58.45
84.9, 58.45
45.9, 58.5
67.55, 58.5
75.55, 58.5
88.95, 58.5
47.7, 58.55
68.1, 58.55
84.9, 58.55
41.3, 58.6
67.55, 58.6
84.9, 58.6
45.95, 58.65
67.55, 58.65
75.55, 58.65
41.25, 58.7
63.55, 58.7
75.5, 58.7
88.9, 58.7
47.7, 58.75
71.95, 58.75
84.95, 58.75
45.95, 58.8
67.55, 58.8
75.55, 58.8
41.3, 58.85
66.15, 58.85
75.5, 58.85
88.9, 58.85
47.7, 58.9
63.7, 58.9
64, 58.9
69.5, 58.9
84.9, 58.9
45.95, 58.95
63.6, 58.95
63.9, 58.95
66.15, 58.95
68.25, 58.95
68.55, 58.95
68.85, 58.95
69.15, 58.95
69.45, 58.95
75.55, 58.95
41.3, 59
63.5, 59
68.05, 59
84.9, 59
41.3, 59.05
63.9, 59.05
66.15, 59.05
66.5, 59.05
66.8, 59.05
67.1, 59.05
67.4, 59.05
72, 59.05
84.9, 59.05
45.9, 59.1
63.55, 59.1
63.85, 59.1
64.15, 59.1
75.5, 59.1
88.9, 59.1
47.7, 59.15
67.55, 59.15
84.9, 59.15
45.9, 59.2
63.55, 59.2
72.05, 59.2
88.85, 59.2
46, 59.25
68.05, 59.25
84.9, 59.25
45.9, 59.3
63.55, 59.3
75.55, 59.3
88.9, 59.3
46, 59.35
67.6, 59.35
84.9, 59.35
45.9, 59.4
63.55, 59.4
72.05, 59.4
41.3, 59.45
63.5, 59.45
72, 59.45
72.65, 59.45
72.95, 59.45
73.25, 59.45
73.55, 59.45
73.85, 59.45
74.15, 59.45
74.45, 59.45
74.75, 59.45
75.05, 59.45
75.35, 59.45
88.9, 59.45
47.7, 59.5
68.05, 59.5
72.2, 59.5
72.5, 59.5
72.85, 59.5
73.15, 59.5
73.45, 59.5
73.75, 59.5
74.05, 59.5
74.7, 59.5
41.25, 59.55
47.75, 59.55
71.95, 59.55
72.8, 59.55
75.55, 59.55
45.95, 59.6
67.55, 59.6
72.1, 59.6
72.4, 59.6
72.7, 59.6
73, 59.6
73.3, 59.6
73.6, 59.6
73.9, 59.6
74.2, 59.6
74.5, 59.6
74.8, 59.6
75.1, 59.6
75.4, 59.6
41.25, 59.65
47.75, 59.65
71.95, 59.65
75.4, 59.65
88.9, 59.65
47.7, 59.7
71.95, 59.7
88.9, 59.7
47.75, 59.75
72, 59.75
41.25, 59.8
47.75, 59.8
72, 59.8
41.25, 59.85
47.75, 59.85
71.95, 59.85
41.25, 59.9
47.75, 59.9
71.95, 59.9
88.9, 59.9
47.75, 59.95
71.95, 59.95
88.9, 59.95
47.75, 60
66.1, 60
66.4, 60
66.7, 60
67, 60
67.3, 60
71.95, 60
88.9, 60
47.75, 60.05
66.15, 60.05
66.45, 60.05
66.75, 60.05
67.05, 60.05
67.35, 60.05
68.05, 60.05
88.85, 60.05
47.7, 60.1
66.1, 60.1
66.4, 60.1
75.5, 60.1
41.3, 60.15
63.55, 60.15
68.05, 60.15
75.6, 60.15
45.95, 60.2
66, 60.2
72, 60.2
41.25, 60.25
63.5, 60.25
71.95, 60.25
84.95, 60.25
45.9, 60.3
63.6, 60.3
72.05, 60.3
85, 60.3
86.05, 60.3
86.35, 60.3
86.65, 60.3
86.95, 60.3
87.35, 60.3
45.9, 60.35
63.6, 60.35
75.6, 60.35
85.2, 60.35
85.5, 60.35
85.8, 60.35
86.1, 60.35
86.4, 60.35
86.7, 60.35
87.15, 60.35
87.65, 60.35
88.9, 60.35
47.75, 60.4
71.95, 60.4
84.95, 60.4
85.25, 60.4
85.55, 60.4
85.85, 60.4
86.15, 60.4
86.45, 60.4
86.75, 60.4
87.05, 60.4
87.35, 60.4
87.65, 60.4
87.95, 60.4
88.25, 60.4
88.55, 60.4
88.85, 60.4
47.7, 60.45
67.65, 60.45
75.6, 60.45
41.25, 60.5
63.5, 60.5
72, 60.5
85, 60.5
41.3, 60.55
63.55, 60.55
72.05, 60.55
88.9, 60.55
47.7, 60.6
68.05, 60.6
75.65, 60.6
75.95, 60.6
41.3, 60.65
63.55, 60.65
72.05, 60.65
75.8, 60.65
88.85, 60.65
45.9, 60.7
63.6, 60.7
75.55, 60.7
75.9, 60.7
88.95, 60.7
47.75, 60.75
71.95, 60.75
75.65, 60.75
88.9, 60.75
47.7, 60.8
68.05, 60.8
68.35, 60.8
75.8, 60.8
41.25, 60.85
63.5, 60.85
68.15, 60.85
68.45, 60.85
68.75, 60.85
69.05, 60.85
70.2, 60.85
70.5, 60.85
70.8, 60.85
71.1, 60.85
71.4, 60.85
71.7, 60.85
72, 60.85
45.9, 60.9
63.6, 60.9
67.85, 60.9
68.15, 60.9
68.45, 60.9
68.75, 60.9
69.05, 60.9
70.2, 60.9
70.5, 60.9
70.8, 60.9
71.1, 60.9
71.4, 60.9
71.7, 60.9
72, 60.9
45.9, 60.95
63.6, 60.95
67.85, 60.95
68.15, 60.95
68.45, 60.95
68.75, 60.95
69.05, 60.95
70.2, 60.95
71, 60.95
71.3, 60.95
71.65, 60.95
72, 60.95
45.9, 61
63.6, 61
71.9, 61
41.3, 61.05
63.55, 61.05
67.65, 61.05
72, 61.05
45.9, 61.1
63.6, 61.1
67.65, 61.1
72, 61.1
88.95, 61.1
47.75, 61.15
66.15, 61.15
71.9, 61.15
83, 61.15
45.9, 61.2
63.6, 61.2
70.2, 61.2
82.85, 61.2
41.2, 61.25
47.75, 61.25
66.1, 61.25
71.9, 61.25
83, 61.25
41.3, 61.3
63.55, 61.3
65.55, 61.3
65.85, 61.3
66.15, 61.3
71.9, 61.3
88.85, 61.3
47.7, 61.35
63.7, 61.35
64, 61.35
64.3, 61.35
64.6, 61.35
64.9, 61.35
65.2, 61.35
65.5, 61.35
65.8, 61.35
66.1, 61.35
70.3, 61.35
83, 61.35
41.3, 61.4
63.55, 61.4
63.85, 61.4
64.15, 61.4
64.45, 61.4
64.75, 61.4
65.05, 61.4
65.35, 61.4
65.65, 61.4
65.95, 61.4
67.65, 61.4
72, 61.4
84.95, 61.4
41.3, 61.45
63.55, 61.45
70.25, 61.45
82.9, 61.45
41.25, 61.5
63.5, 61.5
70.25, 61.5
82.9, 61.5
88.9, 61.5
47.7, 61.55
67.65, 61.55
72, 61.55
88.85, 61.55
47.7, 61.6
67.65, 61.6
83, 61.6
41.2, 61.65
47.75, 61.65
71.9, 61.65
82.85, 61.65
88.9, 61.65
47.75, 61.7
71.9, 61.7
82.85, 61.7
41.25, 61.75
47.75, 61.75
71.9, 61.75
75.65, 61.75
76, 61.75
77.7, 61.75
82.9, 61.75
88.95, 61.75
46.05, 61.8
67.6, 61.8
75.55, 61.8
76.2, 61.8
77.9, 61.8
88.85, 61.8
45.9, 61.85
63.5, 61.85
72, 61.85
77.65, 61.85
83, 61.85
41.3, 61.9
67.65, 61.9
76.2, 61.9
82.85, 61.9
88.95, 61.9
63.5, 61.95
72, 61.95
77.75, 61.95
84.95, 61.95
41.3, 62
67.65, 62
76.05, 62
77.9, 62
88.9, 62
63.5, 62.05
72, 62.05
77.9, 62.05
88.85, 62.05
63.5, 62.1
72, 62.1
77.85, 62.1
88.85, 62.1
47.7, 62.15
71.9, 62.15
77.65, 62.15
82.85, 62.15
41.25, 62.2
67.6, 62.2
76.05, 62.2
77.9, 62.2
41.25, 62.25
67.6, 62.25
71.95, 62.25
77.9, 62.25
41.25, 62.3
67.6, 62.3
72, 62.3
77.9, 62.3
88.85, 62.3
63.5, 62.35
70.35, 62.35
77.8, 62.35
84.95, 62.35
47.75, 62.4
70.35, 62.4
77.8, 62.4
84.95, 62.4
47.75, 62.45
70.35, 62.45
77.8, 62.45
83.05, 62.45
83.35, 62.45
41.3, 62.5
67.65, 62.5
75.95, 62.5
82.85, 62.5
83.15, 62.5
84.95, 62.5
47.75, 62.55
70.35, 62.55
76.1, 62.55
83.35, 62.55
41.2, 62.6
63.55, 62.6
71.9, 62.6
77.8, 62.6
83.2, 62.6
84.8, 62.6
88.95, 62.6
63.5, 62.65
70.35, 62.65
76.1, 62.65
83.3, 62.65
41.2, 62.7
63.55, 62.7
71.9, 62.7
76.1, 62.7
83.3, 62.7
41.2, 62.75
47.75, 62.75
70.2, 62.75
75.95, 62.75
82.85, 62.75
84.95, 62.75
85.35, 62.75
85.65, 62.75
85.95, 62.75
86.25, 62.75
86.55, 62.75
86.85, 62.75
87.15, 62.75
87.45, 62.75
87.75, 62.75
88.05, 62.75
88.35, 62.75
88.65, 62.75
41.2, 62.8
45.95, 62.8
67.6, 62.8
72, 62.8
73.2, 62.8
77.85, 62.8
84.85, 62.8
88.85, 62.8
41.55, 62.85
42, 62.85
42.4, 62.85
42.9, 62.85
43.2, 62.85
43.5, 62.85
43.8, 62.85
44.1, 62.85
44.4, 62.85
44.7, 62.85
45, 62.85
45.3, 62.85
45.6, 62.85
45.9, 62.85
63.5, 62.85
67.65, 62.85
67.95, 62.85
70.2, 62.85
70.55, 62.85
70.85, 62.85
71.15, 62.85
71.45, 62.85
71.75, 62.85
72.05, 62.85
72.35, 62.85
72.65, 62.85
72.95, 62.85
73.25, 62.85
73.55, 62.85
73.85, 62.85
74.15, 62.85
74.45, 62.85
74.75, 62.85
75.05, 62.85
75.35, 62.85
75.65, 62.85
75.95, 62.85
76.25, 62.85
77.95, 62.85
78.25, 62.85
78.55, 62.85
78.85, 62.85
79.15, 62.85
79.45, 62.85
79.75, 62.85
80.05, 62.85
80.35, 62.85
80.65, 62.85
80.95, 62.85
81.25, 62.85
81.55, 62.85
81.85, 62.85
82.15, 62.85
82.45, 62.85
82.75, 62.85
83.45, 62.85
85.85, 62.85
86.15, 62.85
86.45, 62.85
86.75, 62.85
87.2, 62.85
41.3, 62.9
41.6, 62.9
41.9, 62.9
42.2, 62.9
42.5, 62.9
42.8, 62.9
43.1, 62.9
43.4, 62.9
43.7, 62.9
44, 62.9
44.3, 62.9
44.6, 62.9
44.9, 62.9
45.2, 62.9
45.55, 62.9
45.85, 62.9
47.7, 62.9
64.55, 62.9
64.85, 62.9
65.15, 62.9
65.45, 62.9
65.75, 62.9
66.05, 62.9
66.35, 62.9
66.65, 62.9
66.95, 62.9
67.25, 62.9
67.55, 62.9
67.85, 62.9
68.15, 62.9
69.3, 62.9
69.6, 62.9
69.9, 62.9
70.2, 62.9
70.75, 62.9
71.05, 62.9
71.35, 62.9
71.65, 62.9
73, 62.9
75.6, 62.9
76.25, 62.9
77.95, 62.9
78.25, 62.9
78.55, 62.9
78.85, 62.9
79.15, 62.9
79.45, 62.9
79.75, 62.9
80.05, 62.9
80.35, 62.9
80.65, 62.9
80.95, 62.9
81.25, 62.9
81.55, 62.9
81.85, 62.9
82.15, 62.9
82.45, 62.9
82.75, 62.9
83.05, 62.9
83.35, 62.9
85, 62.9
85.3, 62.9
85.6, 62.9
85.9, 62.9
86.2, 62.9
86.5, 62.9
86.8, 62.9
87.1, 62.9
87.4, 62.9
87.7, 62.9
88, 62.9
88.3, 62.9
88.6, 62.9
88.95, 62.9
45.55, 62.95
45.85, 62.95
47.75, 62.95
64.55, 62.95
64.85, 62.95
65.15, 62.95
65.45, 62.95
65.75, 62.95
66.05, 62.95
66.35, 62.95
66.65, 62.95
66.95, 62.95
67.25, 62.95
67.55, 62.95
67.85, 62.95
68.15, 62.95
69.3, 62.95
69.6, 62.95
69.9, 62.95
70.2, 62.95
70.5, 62.95
70.8, 62.95
71.1, 62.95
71.4, 62.95
71.7, 62.95
72, 62.95
72.3, 62.95
72.6, 62.95
72.9, 62.95
73.2, 62.95
73.5, 62.95
73.8, 62.95
74.1, 62.95
74.4, 62.95
74.7, 62.95
75, 62.95
75.3, 62.95
75.6, 62.95
75.9, 62.95
76.2, 62.95
77.95, 62.95
78.25, 62.95
45.3, 63
63.5, 63
45.35, 63.05
63.5, 63.05
41.25, 63.1
47.75, 63.1
47.7, 63.15
47.65, 63.2
45.35, 63.25
41.25, 63.3
45.35, 63.35
45.45, 63.4
41.25, 63.5
45.35, 63.55
45.4, 63.6
41.25, 63.7
45.35, 63.75
45.45, 63.8
41.25, 63.9
45.35, 63.95
45.4, 64
45.45, 64.05
41.2, 64.15
41.25, 64.2
45.35, 64.25
45.4, 64.3
45.45, 64.35
45.45, 64.4
41.25, 64.5
45.35, 64.55
45.35, 64.6
45.45, 64.65
45.45, 64.7
41.2, 64.8
41.25, 64.85
45.35, 64.9
86.1, 64.9
45.4, 64.95
87.55, 64.95
45.4, 65
85.05, 65
85.35, 65
85.65, 65
85.95, 65
86.25, 65
86.55, 65
86.85, 65
87.15, 65
87.45, 65
41.25, 65.05
75.8, 65.05
76.1, 65.05
77, 65.05
77.85, 65.05
78.15, 65.05
78.45, 65.05
78.75, 65.05
79.05, 65.05
79.35, 65.05
79.65, 65.05
79.95, 65.05
80.25, 65.05
80.55, 65.05
80.85, 65.05
81.15, 65.05
81.45, 65.05
81.75, 65.05
82.05, 65.05
82.35, 65.05
82.65, 65.05
82.95, 65.05
83.25, 65.05
83.55, 65.05
83.85, 65.05
84.15, 65.05
84.45, 65.05
84.75, 65.05
85.05, 65.05
85.35, 65.05
85.65, 65.05
85.95, 65.05
86.25, 65.05
86.55, 65.05
86.85, 65.05
87.15, 65.05
88.95, 65.05
89.25, 65.05
89.55, 65.05
89.85, 65.05
41.2, 65.1
47.7, 65.1
63.75, 65.1
64.05, 65.1
64.35, 65.1
64.65, 65.1
64.95, 65.1
66.05, 65.1
66.35, 65.1
66.65, 65.1
66.95, 65.1
67.25, 65.1
67.55, 65.1
67.85, 65.1
68.15, 65.1
68.45, 65.1
68.75, 65.1
69.05, 65.1
69.35, 65.1
69.65, 65.1
69.95, 65.1
70.25, 65.1
70.55, 65.1
70.85, 65.1
71.15, 65.1
71.45, 65.1
71.75, 65.1
72.05, 65.1
74.65, 65.1
74.95, 65.1
75.25, 65.1
75.55, 65.1
75.85, 65.1
76.25, 65.1
76.55, 65.1
76.85, 65.1
77.15, 65.1
77.5, 65.1
77.8, 65.1
78.1, 65.1
78.5, 65.1
83.25, 65.1
83.65, 65.1
83.95, 65.1
84.25, 65.1
84.55, 65.1
84.85, 65.1
85.15, 65.1
85.45, 65.1
87.25, 65.1
88.95, 65.1
47.65, 65.15
64.15, 65.15
64.45, 65.15
64.75, 65.15
65.85, 65.15
66.15, 65.15
66.45, 65.15
66.75, 65.15
67.05, 65.15
67.35, 65.15
67.65, 65.15
67.95, 65.15
68.25, 65.15
68.55, 65.15
68.85, 65.15
69.15, 65.15
69.45, 65.15
72.1, 65.15
75.05, 65.15
75.9, 65.15
76.3, 65.15
76.6, 65.15
77.45, 65.15
87.55, 65.15
90.15, 65.15
90.45, 65.15
90.75, 65.15
91.05, 65.15
91.35, 65.15
91.65, 65.15
91.95, 65.15
92.25, 65.15
92.55, 65.15
92.85, 65.15
93.15, 65.15
93.45, 65.15
93.75, 65.15
94.05, 65.15
94.35, 65.15
94.65, 65.15
94.95, 65.15
95.25, 65.15
95.55, 65.15
95.85, 65.15
96.15, 65.15
45.35, 65.2
45.65, 65.2
45.95, 65.2
63.55, 65.2
63.85, 65.2
64.15, 65.2
64.45, 65.2
64.75, 65.2
65.85, 65.2
66.15, 65.2
66.45, 65.2
66.75, 65.2
67.05, 65.2
67.35, 65.2
67.65, 65.2
67.95, 65.2
68.25, 65.2
68.55, 65.2
68.9, 65.2
70, 65.2
74.45, 65.2
88.8, 65.2
89.1, 65.2
89.4, 65.2
89.7, 65.2
90, 65.2
90.3, 65.2
90.6, 65.2
90.9, 65.2
91.2, 65.2
91.5, 65.2
91.8, 65.2
92.1, 65.2
92.4, 65.2
92.7, 65.2
93, 65.2
93.3, 65.2
93.6, 65.2
93.9, 65.2
94.2, 65.2
94.5, 65.2
94.8, 65.2
95.1, 65.2
95.4, 65.2
95.7, 65.2
96, 65.2
96.35, 65.2
45.45, 65.25
45.75, 65.25
46.05, 65.25
65, 65.25
68.75, 65.25
69.35, 65.25
69.7, 65.25
70.15, 65.25
70.45, 65.25
70.9, 65.25
71.45, 65.25
72.1, 65.25
96.25, 65.25
41.45, 65.3
45.6, 65.3
45.9, 65.3
47.75, 65.3
72.1, 65.3
96.3, 65.3
45.85, 65.35
63.6, 65.35
74.5, 65.35
45.9, 65.4
72, 65.4
96.2, 65.4
47.75, 65.45
74.4, 65.45
41.25, 65.5
72.05, 65.5
96.35, 65.5
72, 65.55
96.2, 65.55
47.75, 65.6
74.4, 65.6
96.35, 65.6
72, 65.65
96.2, 65.65
63.55, 65.7
74.45, 65.7
47.7, 65.75
72.1, 65.75
96.35, 65.75
63.6, 65.8
74.5, 65.8
47.75, 65.85
74.4, 65.85
96.35, 65.85
72, 65.9
96.2, 65.9
47.75, 65.95
74.4, 65.95
41.2, 66
72, 66
96.2, 66
47.75, 66.05
74.45, 66.05
41.25, 66.1
72.05, 66.1
96.35, 66.1
63.6, 66.15
74.5, 66.15
47.7, 66.2
72.1, 66.2
41.2, 66.25
47.75, 66.25
74.45, 66.25
41.25, 66.3
63.55, 66.3
74.5, 66.3
41.35, 66.35
41.65, 66.35
41.95, 66.35
42.25, 66.35
42.55, 66.35
42.85, 66.35
43.15, 66.35
43.45, 66.35
43.75, 66.35
44.05, 66.35
44.35, 66.35
44.65, 66.35
44.95, 66.35
45.25, 66.35
45.55, 66.35
45.85, 66.35
63.6, 66.35
74.5, 66.35
41.45, 66.4
42.3, 66.4
42.85, 66.4
43.2, 66.4
43.55, 66.4
43.85, 66.4
44.2, 66.4
44.5, 66.4
44.8, 66.4
45.1, 66.4
45.4, 66.4
45.7, 66.4
47.75, 66.4
74.45, 66.4
41.25, 66.45
43.05, 66.45
43.55, 66.45
43.95, 66.45
44.25, 66.45
44.55, 66.45
44.85, 66.45
45.15, 66.45
45.45, 66.45
45.75, 66.45
63.55, 66.45
74.45, 66.45
41.25, 66.5
41.55, 66.5
41.85, 66.5
42.15, 66.5
42.45, 66.5
42.75, 66.5
43.05, 66.5
43.35, 66.5
43.65, 66.5
43.95, 66.5
44.25, 66.5
44.55, 66.5
44.85, 66.5
45.15, 66.5
45.45, 66.5
45.75, 66.5
47.75, 66.5
74.45, 66.5
41.25, 66.55
47.75, 66.55
74.4, 66.55
41.25, 66.6
63.55, 66.6
74.5, 66.6
41.25, 66.65
72, 66.65
96.3, 66.65
47.75, 66.7
74.45, 66.7
41.3, 66.75
72.05, 66.75
96.35, 66.75
63.55, 66.8
74.5, 66.8
47.7, 66.85
72.1, 66.85
96.35, 66.85
63.55, 66.9
74.5, 66.9
47.75, 66.95
74.45, 66.95
41.25, 67
72, 67
96.3, 67
63.55, 67.05
74.5, 67.05
47.7, 67.1
72.1, 67.1
96.35, 67.1
63.6, 67.15
96.2, 67.15
47.7, 67.2
72.1, 67.2
41.2, 67.25
72, 67.25
96.3, 67.25
63.55, 67.3
74.5, 67.3
47.7, 67.35
72.1, 67.35
41.3, 67.4
72.05, 67.4
96.3, 67.4
45.95, 67.45
72.05, 67.45
41.2, 67.5
47.7, 67.5
72.1, 67.5
96.35, 67.5
45.5, 67.55
45.8, 67.55
63.55, 67.55
74.5, 67.55
41.25, 67.6
45.6, 67.6
45.9, 67.6
63.55, 67.6
74.5, 67.6
45.4, 67.65
45.7, 67.65
46, 67.65
72, 67.65
96.25, 67.65
45.45, 67.7
72.05, 67.7
41.2, 67.75
63.55, 67.75
74.45, 67.75
41.2, 67.8
63.55, 67.8
74.5, 67.8
41.3, 67.85
63.6, 67.85
96.2, 67.85
47.7, 67.9
72.1, 67.9
96.35, 67.9
47.75, 67.95
74.5, 67.95
41.3, 68
63.6, 68
96.2, 68
45.4, 68.05
71.9, 68.05
96.2, 68.05
47.7, 68.1
72.05, 68.1
96.35, 68.1
47.75, 68.15
72.1, 68.15
41.2, 68.2
63.55, 68.2
74.5, 68.2
41.3, 68.25
63.6, 68.25
74.55, 68.25
41.3, 68.3
63.55, 68.3
74.5, 68.3
41.2, 68.35
63.55, 68.35
74.5, 68.35
41.3, 68.4
63.6, 68.4
64.05, 68.4
72, 68.4
96.3, 68.4
47.7, 68.45
63.95, 68.45
64.5, 68.45
64.85, 68.45
65.15, 68.45
65.45, 68.45
65.75, 68.45
66.05, 68.45
66.35, 68.45
66.65, 68.45
66.95, 68.45
67.25, 68.45
67.55, 68.45
67.85, 68.45
68.15, 68.45
68.45, 68.45
68.75, 68.45
69.05, 68.45
69.35, 68.45
69.65, 68.45
69.95, 68.45
70.25, 68.45
70.6, 68.45
70.95, 68.45
71.35, 68.45
71.8, 68.45
74.55, 68.45
45.4, 68.5
63.65, 68.5
63.95, 68.5
64.25, 68.5
64.55, 68.5
64.85, 68.5
65.15, 68.5
65.45, 68.5
65.75, 68.5
66.05, 68.5
66.35, 68.5
66.65, 68.5
66.95, 68.5
67.25, 68.5
67.55, 68.5
67.85, 68.5
68.15, 68.5
68.45, 68.5
68.75, 68.5
69.05, 68.5
69.35, 68.5
69.65, 68.5
69.95, 68.5
71.6, 68.5
74.5, 68.5
45.4, 68.55
63.65, 68.55
64, 68.55
64.3, 68.55
64.6, 68.55
64.9, 68.55
65.25, 68.55
65.55, 68.55
65.85, 68.55
66.15, 68.55
66.45, 68.55
66.75, 68.55
67.05, 68.55
67.35, 68.55
67.65, 68.55
67.95, 68.55
68.25, 68.55
68.55, 68.55
68.85, 68.55
69.15, 68.55
69.45, 68.55
69.75, 68.55
70.05, 68.55
70.35, 68.55
70.65, 68.55
70.95, 68.55
71.25, 68.55
71.55, 68.55
71.85, 68.55
74.5, 68.55
41.2, 68.6
47.75, 68.6
68.5, 68.6
69.05, 68.6
69.65, 68.6
70.1, 68.6
70.65, 68.6
71.3, 68.6
72.1, 68.6
41.3, 68.65
63.6, 68.65
96.2, 68.65
47.7, 68.7
74.5, 68.7
41.2, 68.75
63.55, 68.75
41.3, 68.8
72.05, 68.8
41.3, 68.85
72.05, 68.85
45.4, 68.9
72.1, 68.9
41.3, 68.95
72.05, 68.95
41.3, 69
72.05, 69
41.2, 69.05
71.9, 69.05
41.2, 69.1
72.05, 69.1
41.3, 69.15
72.05, 69.15
41.2, 69.2
71.9, 69.2
41.3, 69.25
72.05, 69.25
41.2, 69.3
71.9, 69.3
41.2, 69.35
47.75, 69.35
96.3, 69.35
47.65, 69.4
96.3, 69.4
47.65, 69.45
96.3, 69.45
47.65, 69.5
96.25, 69.5
45.45, 69.55
72.1, 69.55
41.3, 69.6
63.55, 69.6
96.2, 69.6
45.4, 69.65
63.6, 69.65
96.3, 69.65
45.45, 69.7
63.65, 69.7
96.35, 69.7
47.7, 69.75
71.9, 69.75
41.3, 69.8
63.55, 69.8
96.2, 69.8
41.3, 69.85
63.55, 69.85
96.2, 69.85
45.4, 69.9
63.65, 69.9
41.2, 69.95
47.7, 69.95
72.05, 69.95
41.25, 70
47.75, 70
72.1, 70
41.3, 70.05
41.7, 70.05
42, 70.05
45.5, 70.05
45.8, 70.05
47.65, 70.05
71.9, 70.05
96.35, 70.05
41.45, 70.1
41.75, 70.1
42.05, 70.1
42.35, 70.1
42.65, 70.1
42.95, 70.1
43.25, 70.1
43.55, 70.1
43.85, 70.1
44.15, 70.1
44.45, 70.1
44.75, 70.1
45.05, 70.1
45.35, 70.1
45.65, 70.1
45.95, 70.1
63.55, 70.1
96.3, 70.1
41.85, 70.15
42.35, 70.15
42.8, 70.15
43.2, 70.15
43.5, 70.15
43.8, 70.15
44.1, 70.15
44.4, 70.15
44.7, 70.15
45, 70.15
45.3, 70.15
45.6, 70.15
45.9, 70.15
47.75, 70.15
72.1, 70.15
41.25, 70.2
47.75, 70.2
96.2, 70.2
45.9, 70.25
63.6, 70.25
96.3, 70.25
47.75, 70.3
96.2, 70.3
47.7, 70.35
72.05, 70.35
41.25, 70.4
63.65, 70.4
96.3, 70.4
47.75, 70.45
72.05, 70.45
41.25, 70.5
71.9, 70.5
96.35, 70.5
63.55, 70.55
74.5, 70.55
47.65, 70.6
71.9, 70.6
96.3, 70.6
47.75, 70.65
72.05, 70.65
41.2, 70.7
63.55, 70.7
74.5, 70.7
96.35, 70.7
63.55, 70.75
74.5, 70.75
41.25, 70.8
72, 70.8
96.35, 70.8
63.55, 70.85
72.1, 70.85
41.2, 70.9
63.6, 70.9
96.3, 70.9
47.75, 70.95
72.05, 70.95
41.25, 71
63.65, 71
96.35, 71
63.55, 71.05
96.3, 71.05
47.75, 71.1
72.1, 71.1
41.25, 71.15
47.75, 71.15
74.5, 71.15
45.85, 71.2
63.55, 71.2
74.55, 71.2
45.95, 71.25
63.55, 71.25
74.55, 71.25
45.9, 71.3
47.75, 71.3
74.5, 71.3
45.85, 71.35
47.7, 71.35
72.1, 71.35
41.25, 71.4
63.6, 71.4
96.35, 71.4
47.65, 71.45
72, 71.45
41.2, 71.5
63.55, 71.5
96.3, 71.5
45.95, 71.55
63.65, 71.55
96.3, 71.55
45.95, 71.6
72, 71.6
96.35, 71.6
47.65, 71.65
63.65, 71.65
96.3, 71.65
45.95, 71.7
72, 71.7
96.35, 71.7
47.65, 71.75
72, 71.75
96.35, 71.75
47.7, 71.8
72.05, 71.8
41.2, 71.85
47.7, 71.85
72, 71.85
96.35, 71.85
47.65, 71.9
72, 71.9
96.35, 71.9
47.65, 71.95
63.65, 71.95
94.75, 71.95
41.25, 72
47.75, 72
72.1, 72
96.35, 72
47.65, 72.05
72.05, 72.05
96.3, 72.05
45.95, 72.1
72, 72.1
94.85, 72.1
45.95, 72.15
72, 72.15
95.05, 72.15
96.25, 72.15
45.9, 72.2
63.6, 72.2
94.75, 72.2
96.25, 72.2
45.9, 72.25
63.6, 72.25
94.75, 72.25
96.25, 72.25
45.9, 72.3
63.6, 72.3
94.75, 72.3
95.1, 72.3
96.3, 72.3
45.95, 72.35
72, 72.35
94.8, 72.35
45.85, 72.4
63.55, 72.4
96.3, 72.4
45.95, 72.45
71.9, 72.45
96.35, 72.45
47.7, 72.5
48, 72.5
48.3, 72.5
48.6, 72.5
48.9, 72.5
49.2, 72.5
49.55, 72.5
49.85, 72.5
50.15, 72.5
50.45, 72.5
50.75, 72.5
51.05, 72.5
51.35, 72.5
51.65, 72.5
52.85, 72.5
53.15, 72.5
53.45, 72.5
53.75, 72.5
54.05, 72.5
54.35, 72.5
54.65, 72.5
54.95, 72.5
55.25, 72.5
55.55, 72.5
55.85, 72.5
56.15, 72.5
56.45, 72.5
56.75, 72.5
57.05, 72.5
57.35, 72.5
57.65, 72.5
57.95, 72.5
58.25, 72.5
58.55, 72.5
58.85, 72.5
59.15, 72.5
59.45, 72.5
59.75, 72.5
60.05, 72.5
60.35, 72.5
60.65, 72.5
60.95, 72.5
61.25, 72.5
61.55, 72.5
61.85, 72.5
62.15, 72.5
62.45, 72.5
62.75, 72.5
63.05, 72.5
63.35, 72.5
71.9, 72.5
96.35, 72.5
47.65, 72.55
47.95, 72.55
48.25, 72.55
48.55, 72.55
48.85, 72.55
49.15, 72.55
49.45, 72.55
49.75, 72.55
50.05, 72.55
50.35, 72.55
50.65, 72.55
50.95, 72.55
51.25, 72.55
51.55, 72.55
52.75, 72.55
53.05, 72.55
53.35, 72.55
53.65, 72.55
53.95, 72.55
54.25, 72.55
54.55, 72.55
54.85, 72.55
55.15, 72.55
55.45, 72.55
55.75, 72.55
56.05, 72.55
56.35, 72.55
56.65, 72.55
56.95, 72.55
57.25, 72.55
57.55, 72.55
57.85, 72.55
58.15, 72.55
58.45, 72.55
58.75, 72.55
59.05, 72.55
59.35, 72.55
59.65, 72.55
59.95, 72.55
60.25, 72.55
60.55, 72.55
60.85, 72.55
61.15, 72.55
61.45, 72.55
61.75, 72.55
62.05, 72.55
62.35, 72.55
62.65, 72.55
62.95, 72.55
63.25, 72.55
63.55, 72.55
72.1, 72.55
41.25, 72.6
47.75, 72.6
48.05, 72.6
48.35, 72.6
48.65, 72.6
48.95, 72.6
49.25, 72.6
49.55, 72.6
49.85, 72.6
50.15, 72.6
50.45, 72.6
50.75, 72.6
51.05, 72.6
51.35, 72.6
51.65, 72.6
52.85, 72.6
53.15, 72.6
53.45, 72.6
53.75, 72.6
54.15, 72.6
54.45, 72.6
54.75, 72.6
55.05, 72.6
55.4, 72.6
71.9, 72.6
74.5, 72.6
45.9, 72.65
54.4, 72.65
63.5, 72.65
72.1, 72.65
41.25, 72.7
53.95, 72.7
63.6, 72.7
74.5, 72.7
45.95, 72.75
63.6, 72.75
74.5, 72.75
45.9, 72.8
63.6, 72.8
74.5, 72.8
45.9, 72.85
63.55, 72.85
74.45, 72.85
41.25, 72.9
63.45, 72.9
72.1, 72.9
45.85, 72.95
63.5, 72.95
74.45, 72.95
45.85, 73
63.55, 73
74.5, 73
45.9, 73.05
63.55, 73.05
74.5, 73.05
45.95, 73.1
63.6, 73.1
74.5, 73.1
45.85, 73.15
63.5, 73.15
72.1, 73.15
41.2, 73.2
63.45, 73.2
72.1, 73.2
45.85, 73.25
63.5, 73.25
74.45, 73.25
41.25, 73.3
63.5, 73.3
72.1, 73.3
45.85, 73.35
63.5, 73.35
72.1, 73.35
41.2, 73.4
54.85, 73.4
72.05, 73.4
41.2, 73.45
54.85, 73.45
72.05, 73.45
41.2, 73.5
63.45, 73.5
72.1, 73.5
41.2, 73.55
63.45, 73.55
72.1, 73.55
45.85, 73.6
63.5, 73.6
74.45, 73.6
45.9, 73.65
63.6, 73.65
96.3, 73.65
45.95, 73.7
63.6, 73.7
96.3, 73.7
54.8, 73.75
72, 73.75
96.35, 73.75
54.8, 73.8
72, 73.8
96.35, 73.8
63.45, 73.85
72.1, 73.85
41.2, 73.9
63.45, 73.9
72.1, 73.9
41.2, 73.95
63.5, 73.95
74.45, 73.95
45.85, 74
63.5, 74
74.45, 74
45.9, 74.05
63.55, 74.05
74.5, 74.05
45.9, 74.1
63.6, 74.1
96.3, 74.1
54.8, 74.15
72, 74.15
96.35, 74.15
54.85, 74.2
72.05, 74.2
41.2, 74.25
54.85, 74.25
72, 74.25
96.35, 74.25
54.55, 74.3
63.55, 74.3
74.5, 74.3
53.85, 74.35
54.15, 74.35
54.45, 74.35
54.75, 74.35
63.6, 74.35
96.3, 74.35
53.9, 74.4
54.2, 74.4
54.5, 74.4
54.8, 74.4
72, 74.4
96.35, 74.4
54.8, 74.45
72, 74.45
82.75, 74.45
83.1, 74.45
83.45, 74.45
83.8, 74.45
84.1, 74.45
84.4, 74.45
84.7, 74.45
85, 74.45
85.3, 74.45
85.6, 74.45
85.9, 74.45
86.2, 74.45
86.5, 74.45
86.8, 74.45
87.1, 74.45
87.4, 74.45
87.7, 74.45
88, 74.45
88.3, 74.45
88.6, 74.45
88.9, 74.45
89.2, 74.45
89.5, 74.45
89.8, 74.45
90.1, 74.45
90.4, 74.45
90.7, 74.45
91, 74.45
91.3, 74.45
91.6, 74.45
91.9, 74.45
92.2, 74.45
92.5, 74.45
92.8, 74.45
93.1, 74.45
93.4, 74.45
93.7, 74.45
94, 74.45
94.3, 74.45
94.6, 74.45
96.3, 74.45
54.8, 74.5
63.6, 74.5
74.5, 74.5
74.8, 74.5
75.1, 74.5
75.4, 74.5
75.7, 74.5
76, 74.5
76.3, 74.5
76.6, 74.5
76.9, 74.5
77.2, 74.5
77.5, 74.5
77.8, 74.5
78.1, 74.5
78.4, 74.5
78.7, 74.5
79, 74.5
79.3, 74.5
79.6, 74.5
79.9, 74.5
80.35, 74.5
80.9, 74.5
81.35, 74.5
81.75, 74.5
82.15, 74.5
82.5, 74.5
82.85, 74.5
83.15, 74.5
83.45, 74.5
83.75, 74.5
84.05, 74.5
84.35, 74.5
84.65, 74.5
84.95, 74.5
85.25, 74.5
85.55, 74.5
85.85, 74.5
86.15, 74.5
86.45, 74.5
86.75, 74.5
87.05, 74.5
87.35, 74.5
87.65, 74.5
87.95, 74.5
88.25, 74.5
88.55, 74.5
88.85, 74.5
89.15, 74.5
89.45, 74.5
89.75, 74.5
90.05, 74.5
90.35, 74.5
90.65, 74.5
90.95, 74.5
91.25, 74.5
91.55, 74.5
91.85, 74.5
92.15, 74.5
92.45, 74.5
92.75, 74.5
93.05, 74.5
93.35, 74.5
93.65, 74.5
93.95, 74.5
94.25, 74.5
94.55, 74.5
94.85, 74.5
63.45, 74.55
72.1, 74.55
74.75, 74.55
75.1, 74.55
75.45, 74.55
77.4, 74.55
78, 74.55
78.35, 74.55
78.65, 74.55
78.95, 74.55
79.25, 74.55
79.55, 74.55
79.85, 74.55
80.15, 74.55
80.45, 74.55
80.75, 74.55
81.05, 74.55
81.35, 74.55
81.65, 74.55
81.95, 74.55
82.25, 74.55
82.55, 74.55
82.95, 74.55
83.35, 74.55
83.75, 74.55
84.3, 74.55
84.85, 74.55
85.15, 74.55
85.45, 74.55
85.75, 74.55
86.05, 74.55
86.35, 74.55
93.7, 74.55
94, 74.55
94.3, 74.55
94.6, 74.55
96.3, 74.55
63.45, 74.6
72, 74.6
75.55, 74.6
76.35, 74.6
77.1, 74.6
77.85, 74.6
78.2, 74.6
78.6, 74.6
79, 74.6
79.35, 74.6
79.7, 74.6
80.1, 74.6
80.5, 74.6
81.15, 74.6
81.65, 74.6
82.35, 74.6
83.9, 74.6
84.35, 74.6
84.7, 74.6
85, 74.6
85.3, 74.6
85.6, 74.6
85.9, 74.6
86.2, 74.6
86.5, 74.6
86.8, 74.6
87.1, 74.6
87.4, 74.6
87.7, 74.6
88, 74.6
88.3, 74.6
88.6, 74.6
88.9, 74.6
89.2, 74.6
89.5, 74.6
89.8, 74.6
90.1, 74.6
90.4, 74.6
90.75, 74.6
91.05, 74.6
91.35, 74.6
91.75, 74.6
92.15, 74.6
92.6, 74.6
93.05, 74.6
93.45, 74.6
93.75, 74.6
94.05, 74.6
94.35, 74.6
94.65, 74.6
96.35, 74.6
63.5, 74.65
64.45, 74.65
72.1, 74.65
74.7, 74.65
75, 74.65
75.3, 74.65
77.35, 74.65
77.65, 74.65
78.5, 74.65
79.25, 74.65
83.25, 74.65
84.7, 74.65
86.55, 74.65
86.85, 74.65
87.15, 74.65
87.45, 74.65
87.75, 74.65
88.05, 74.65
88.35, 74.65
88.65, 74.65
88.95, 74.65
89.25, 74.65
89.55, 74.65
89.85, 74.65
90.15, 74.65
90.45, 74.65
90.75, 74.65
91.05, 74.65
91.35, 74.65
91.65, 74.65
91.95, 74.65
92.25, 74.65
92.55, 74.65
92.85, 74.65
93.15, 74.65
93.45, 74.65
93.75, 74.65
94.05, 74.65
94.35, 74.65
94.65, 74.65
96.35, 74.65
45.85, 74.7
63.85, 74.7
64.8, 74.7
65.4, 74.7
66.1, 74.7
66.65, 74.7
67.1, 74.7
67.4, 74.7
69.4, 74.7
69.7, 74.7
70, 74.7
70.3, 74.7
70.6, 74.7
70.9, 74.7
71.6, 74.7
71.95, 74.7
75.2, 74.7
76.45, 74.7
77.3, 74.7
77.65, 74.7
77.95, 74.7
78.25, 74.7
78.55, 74.7
78.85, 74.7
79.15, 74.7
79.45, 74.7
79.75, 74.7
80.05, 74.7
80.35, 74.7
80.65, 74.7
80.95, 74.7
81.25, 74.7
81.55, 74.7
81.85, 74.7
82.15, 74.7
82.45, 74.7
82.75, 74.7
83.05, 74.7
83.35, 74.7
83.65, 74.7
83.95, 74.7
84.25, 74.7
84.55, 74.7
84.85, 74.7
85.15, 74.7
85.45, 74.7
85.75, 74.7
86.05, 74.7
86.35, 74.7
96.35, 74.7
96.85, 74.7
45.85, 74.75
63.65, 74.75
63.95, 74.75
64.25, 74.75
64.55, 74.75
64.85, 74.75
65.15, 74.75
65.45, 74.75
65.75, 74.75
66.05, 74.75
66.35, 74.75
66.65, 74.75
66.95, 74.75
67.25, 74.75
67.55, 74.75
69.55, 74.75
69.85, 74.75
70.15, 74.75
70.45, 74.75
70.75, 74.75
71.05, 74.75
71.35, 74.75
71.65, 74.75
71.95, 74.75
74.55, 74.75
74.85, 74.75
75.15, 74.75
75.45, 74.75
75.75, 74.75
76.05, 74.75
76.35, 74.75
76.65, 74.75
76.95, 74.75
77.25, 74.75
77.55, 74.75
77.85, 74.75
78.2, 74.75
96.55, 74.75
96.85, 74.75
97.15, 74.75
98.3, 74.75
41.1, 74.8
63.45, 74.8
96.3, 74.8
98.45, 74.8
41.25, 74.85
41.55, 74.85
41.85, 74.85
42.15, 74.85
42.55, 74.85
45.9, 74.85
96.35, 74.85
98.5, 74.85
41.3, 74.9
41.6, 74.9
41.9, 74.9
42.2, 74.9
42.5, 74.9
42.8, 74.9
43.1, 74.9
43.4, 74.9
43.7, 74.9
44, 74.9
44.3, 74.9
44.6, 74.9
44.9, 74.9
45.2, 74.9
45.5, 74.9
45.8, 74.9
63.6, 74.9
98.45, 74.9
41.25, 74.95
41.55, 74.95
41.85, 74.95
42.15, 74.95
42.45, 74.95
42.75, 74.95
43.05, 74.95
43.35, 74.95
43.65, 74.95
43.95, 74.95
44.25, 74.95
44.55, 74.95
44.85, 74.95
45.15, 74.95
45.45, 74.95
45.8, 74.95
63.6, 74.95
98.45, 74.95
41.25, 75
41.55, 75
41.85, 75
42.15, 75
42.45, 75
42.8, 75
43.25, 75
43.65, 75
44.05, 75
45.25, 75
63.6, 75
98.5, 75
63.6, 75.05
98.5, 75.05
63.6, 75.1
98.4, 75.1
63.5, 75.15
96.5, 75.15
63.5, 75.2
96.5, 75.2
63.5, 75.25
96.5, 75.25
96.3, 75.3
45.9, 75.35
98.4, 75.35
54.85, 75.4
96.55, 75.4
54.9, 75.45
98.5, 75.45
96.3, 75.5
98.45, 75.5
54.9, 75.55
45.85, 75.6
96.35, 75.6
98.5, 75.6
91.1, 75.65
98.5, 75.65
91.05, 75.7
96.45, 75.7
54.85, 75.75
96.3, 75.75
45.85, 75.8
91.1, 75.8
96.45, 75.8
54.85, 75.85
96.3, 75.85
45.85, 75.9
91.15, 75.9
98.5, 75.9
91.05, 75.95
96.5, 75.95
54.85, 76
96.35, 76
54.85, 76.05
96.35, 76.05
45.95, 76.1
78.1, 76.1
81.75, 76.1
92.65, 76.1
96.35, 76.1
46.9, 76.15
47.2, 76.15
47.5, 76.15
47.8, 76.15
48.1, 76.15
48.4, 76.15
48.7, 76.15
49, 76.15
50.1, 76.15
50.4, 76.15
50.7, 76.15
51, 76.15
51.3, 76.15
51.6, 76.15
51.9, 76.15
52.2, 76.15
52.5, 76.15
52.8, 76.15
53.1, 76.15
53.4, 76.15
53.7, 76.15
54.85, 76.15
72.2, 76.15
72.5, 76.15
72.8, 76.15
73.1, 76.15
73.4, 76.15
73.7, 76.15
74, 76.15
74.3, 76.15
74.6, 76.15
78.15, 76.15
86.6, 76.15
91.2, 76.15
91.5, 76.15
91.8, 76.15
92.1, 76.15
92.4, 76.15
92.7, 76.15
93.8, 76.15
98.5, 76.15
46.95, 76.2
47.35, 76.2
47.7, 76.2
48.9, 76.2
50, 76.2
50.3, 76.2
50.6, 76.2
50.9, 76.2
51.2, 76.2
51.5, 76.2
51.8, 76.2
52.1, 76.2
52.4, 76.2
52.7, 76.2
53, 76.2
53.3, 76.2
53.6, 76.2
54.75, 76.2
63.6, 76.2
76.95, 76.2
80.55, 76.2
82.95, 76.2
83.25, 76.2
83.55, 76.2
83.85, 76.2
84.15, 76.2
84.45, 76.2
84.75, 76.2
85.05, 76.2
85.35, 76.2
85.65, 76.2
85.95, 76.2
86.25, 76.2
86.55, 76.2
87.7, 76.2
88, 76.2
88.3, 76.2
88.6, 76.2
88.9, 76.2
89.2, 76.2
89.5, 76.2
89.8, 76.2
90.1, 76.2
90.4, 76.2
90.7, 76.2
91, 76.2
91.35, 76.2
92, 76.2
92.3, 76.2
92.6, 76.2
93.7, 76.2
96.45, 76.2
46, 76.25
47.15, 76.25
47.45, 76.25
47.75, 76.25
48.05, 76.25
48.35, 76.25
48.65, 76.25
51.85, 76.25
63.45, 76.25
65.95, 76.25
66.25, 76.25
68.95, 76.25
69.25, 76.25
69.55, 76.25
69.85, 76.25
71.05, 76.25
72.2, 76.25
72.5, 76.25
72.8, 76.25
73.1, 76.25
73.4, 76.25
73.7, 76.25
74, 76.25
74.3, 76.25
74.6, 76.25
75.75, 76.25
76.05, 76.25
76.35, 76.25
76.65, 76.25
76.95, 76.25
78.05, 76.25
80.65, 76.25
81.75, 76.25
82.05, 76.25
82.35, 76.25
82.65, 76.25
82.95, 76.25
83.25, 76.25
83.6, 76.25
84.25, 76.25
84.55, 76.25
84.85, 76.25
85.15, 76.25
85.6, 76.25
86.5, 76.25
86.8, 76.25
89, 76.25
89.6, 76.25
90.1, 76.25
90.5, 76.25
90.8, 76.25
91.1, 76.25
91.4, 76.25
91.7, 76.25
92, 76.25
92.75, 76.25
96.3, 76.25
46, 76.3
54.8, 76.3
63.2, 76.3
63.5, 76.3
64.65, 76.3
64.95, 76.3
65.25, 76.3
65.55, 76.3
65.85, 76.3
66.15, 76.3
66.45, 76.3
66.75, 76.3
67.05, 76.3
67.35, 76.3
67.65, 76.3
67.95, 76.3
68.25, 76.3
68.55, 76.3
68.85, 76.3
69.15, 76.3
69.45, 76.3
69.75, 76.3
70.9, 76.3
72.15, 76.3
72.85, 76.3
73.5, 76.3
74.55, 76.3
75.7, 76.3
76, 76.3
76.3, 76.3
76.6, 76.3
76.9, 76.3
78, 76.3
80.6, 76.3
81.8, 76.3
82.1, 76.3
82.4, 76.3
82.7, 76.3
83, 76.3
83.3, 76.3
83.6, 76.3
83.9, 76.3
87.7, 76.3
96.4, 76.3
46, 76.35
54.8, 76.35
63.5, 76.35
64.9, 76.35
67.75, 76.35
68.15, 76.35
68.45, 76.35
68.75, 76.35
69.05, 76.35
69.35, 76.35
69.65, 76.35
70.8, 76.35
72.1, 76.35
75.6, 76.35
77.95, 76.35
80.55, 76.35
84.15, 76.35
93.85, 76.35
46, 76.4
54.8, 76.4
70.75, 76.4
71.95, 76.4
74.6, 76.4
78.1, 76.4
84.1, 76.4
93.75, 76.4
96.45, 76.4
48.9, 76.45
63, 76.45
71, 76.45
74.6, 76.45
78.15, 76.45
84.15, 76.45
93.8, 76.45
98.4, 76.45
51.85, 76.5
63.05, 76.5
72.05, 76.5
76.95, 76.5
80.55, 76.5
87.75, 76.5
96.3, 76.5
48.85, 76.55
54.85, 76.55
70.9, 76.55
74.5, 76.55
78.05, 76.55
83, 76.55
87.85, 76.55
96.4, 76.55
48.9, 76.6
63, 76.6
72.05, 76.6
76.9, 76.6
80.5, 76.6
84.15, 76.6
93.8, 76.6
45.9, 76.65
54.75, 76.65
63.15, 76.65
72.1, 76.65
76.95, 76.65
80.55, 76.65
87.75, 76.65
96.3, 76.65
48.85, 76.7
54.85, 76.7
70.9, 76.7
74.55, 76.7
78.1, 76.7
83, 76.7
87.85, 76.7
98.5, 76.7
54.75, 76.75
70.85, 76.75
74.5, 76.75
78.05, 76.75
78.35, 76.75
78.65, 76.75
78.95, 76.75
79.25, 76.75
79.55, 76.75
79.85, 76.75
80.15, 76.75
80.45, 76.75
84.15, 76.75
93.8, 76.75
48.85, 76.8
54.85, 76.8
70.95, 76.8
74.6, 76.8
78.15, 76.8
78.45, 76.8
78.75, 76.8
79.05, 76.8
79.35, 76.8
79.65, 76.8
79.95, 76.8
80.25, 76.8
80.55, 76.8
87.7, 76.8
93.85, 76.8
46, 76.85
54.8, 76.85
70.9, 76.85
74.5, 76.85
78.05, 76.85
83, 76.85
87.75, 76.85
93.9, 76.85
95.05, 76.85
95.35, 76.85
95.65, 76.85
95.95, 76.85
96.25, 76.85
48.9, 76.9
63, 76.9
71, 76.9
74.6, 76.9
80.6, 76.9
93.85, 76.9
94.95, 76.9
95.25, 76.9
95.55, 76.9
95.85, 76.9
96.15, 76.9
46, 76.95
54.8, 76.95
70.9, 76.95
76.9, 76.95
87.75, 76.95
93.9, 76.95
95, 76.95
95.3, 76.95
95.6, 76.95
95.9, 76.95
96.2, 76.95
48.9, 77
63, 77
71, 77
77, 77
87.85, 77
46, 77.05
54.8, 77.05
70.9, 77.05
76.9, 77.05
87.75, 77.05
96.3, 77.05
51.85, 77.1
63.05, 77.1
74.5, 77.1
80.5, 77.1
93.75, 77.1
46, 77.15
54.8, 77.15
70.9, 77.15
76.9, 77.15
87.75, 77.15
96.3, 77.15
51.9, 77.2
63.1, 77.2
74.55, 77.2
80.55, 77.2
93.8, 77.2
48.9, 77.25
63, 77.25
71, 77.25
77, 77.25
87.85, 77.25
46, 77.3
54.8, 77.3
70.9, 77.3
76.9, 77.3
87.75, 77.3
96.3, 77.3
48.9, 77.35
63, 77.35
71, 77.35
77, 77.35
87.85, 77.35
46, 77.4
54.8, 77.4
70.9, 77.4
76.9, 77.4
87.75, 77.4
96.3, 77.4
51.9, 77.45
63.1, 77.45
74.55, 77.45
80.6, 77.45
93.85, 77.45
51.85, 77.5
63.05, 77.5
74.5, 77.5
80.5, 77.5
93.75, 77.5
46, 77.55
54.8, 77.55
70.9, 77.55
76.9, 77.55
87.75, 77.55
96.3, 77.55
51.85, 77.6
63.05, 77.6
74.5, 77.6
80.5, 77.6
93.75, 77.6
48.85, 77.65
54.85, 77.65
70.95, 77.65
76.95, 77.65
87.8, 77.65
98.5, 77.65
54.75, 77.7
70.85, 77.7
74.6, 77.7
80.6, 77.7
93.85, 77.7
51.85, 77.75
63.05, 77.75
74.5, 77.75
80.5, 77.75
93.75, 77.75
48.85, 77.8
54.85, 77.8
70.95, 77.8
76.95, 77.8
83.05, 77.8
96.3, 77.8
51.85, 77.85
63.05, 77.85
74.5, 77.85
80.5, 77.85
87.85, 77.85
98.5, 77.85
54.75, 77.9
70.85, 77.9
74.6, 77.9
83, 77.9
96.3, 77.9
51.9, 77.95
63.1, 77.95
74.55, 77.95
80.6, 77.95
93.85, 77.95
51.85, 78
63.05, 78
74.55, 78
80.6, 78
93.8, 78
48.9, 78.05
63, 78.05
74.5, 78.05
80.5, 78.05
87.85, 78.05
98.5, 78.05
54.8, 78.1
70.9, 78.1
76.95, 78.1
87.8, 78.1
46, 78.15
54.8, 78.15
70.95, 78.15
76.95, 78.15
87.8, 78.15
98.5, 78.15
54.75, 78.2
70.85, 78.2
76.9, 78.2
87.75, 78.2
96.3, 78.2
51.9, 78.25
63.1, 78.25
74.5, 78.25
80.55, 78.25
93.75, 78.25
46, 78.3
54.8, 78.3
70.9, 78.3
76.95, 78.3
87.75, 78.3
96.3, 78.3
51.9, 78.35
70.85, 78.35
76.9, 78.35
87.75, 78.35
96.3, 78.35
54.8, 78.4
70.85, 78.4
77, 78.4
87.85, 78.4
98.5, 78.4
51.95, 78.45
63.1, 78.45
76.9, 78.45
87.75, 78.45
96.3, 78.45
51.9, 78.5
63.1, 78.5
74.6, 78.5
83, 78.5
93.85, 78.5
51.85, 78.55
63.1, 78.55
74.6, 78.55
80.6, 78.55
93.85, 78.55
51.85, 78.6
63.05, 78.6
74.55, 78.6
80.6, 78.6
93.8, 78.6
48.9, 78.65
63, 78.65
74.55, 78.65
80.6, 78.65
93.85, 78.65
48.9, 78.7
63.05, 78.7
74.55, 78.7
80.6, 78.7
93.8, 78.7
46, 78.75
54.8, 78.75
70.85, 78.75
77, 78.75
87.85, 78.75
46, 78.8
54.85, 78.8
55.2, 78.8
55.55, 78.8
55.85, 78.8
58.05, 78.8
58.35, 78.8
58.65, 78.8
58.95, 78.8
70.85, 78.8
80.55, 78.8
93.75, 78.8
48.9, 78.85
54.85, 78.85
55.15, 78.85
55.45, 78.85
55.75, 78.85
56.05, 78.85
58.1, 78.85
58.4, 78.85
58.7, 78.85
59, 78.85
71, 78.85
80.55, 78.85
93.75, 78.85
48.85, 78.9
55.05, 78.9
55.55, 78.9
63.1, 78.9
74.55, 78.9
83, 78.9
93.85, 78.9
48.85, 78.95
54.75, 78.95
63.1, 78.95
76.9, 78.95
87.85, 78.95
48.85, 79
55, 79
71, 79
80.55, 79
93.75, 79
98.5, 79
54.8, 79.05
70.85, 79.05
76.95, 79.05
87.8, 79.05
98.45, 79.05
51.85, 79.1
63, 79.1
71, 79.1
80.55, 79.1
93.85, 79.1
48.85, 79.15
59.05, 79.15
70.95, 79.15
80.55, 79.15
93.75, 79.15
46, 79.2
54.8, 79.2
70.85, 79.2
76.9, 79.2
87.75, 79.2
96.3, 79.2
51.85, 79.25
63.05, 79.25
74.6, 79.25
83, 79.25
98.45, 79.25
51.85, 79.3
63, 79.3
74.55, 79.3
83, 79.3
93.85, 79.3
51.85, 79.35
63.05, 79.35
74.6, 79.35
83, 79.35
98.45, 79.35
51.85, 79.4
63.05, 79.4
74.6, 79.4
87.75, 79.4
96.3, 79.4
51.9, 79.45
63.05, 79.45
74.6, 79.45
83, 79.45
96.3, 79.45
51.9, 79.5
63, 79.5
74.55, 79.5
83, 79.5
93.85, 79.5
51.85, 79.55
55, 79.55
70.95, 79.55
77, 79.55
87.85, 79.55
48.85, 79.6
54.85, 79.6
63.05, 79.6
74.6, 79.6
83, 79.6
93.85, 79.6
94.15, 79.6
94.45, 79.6
94.75, 79.6
95.05, 79.6
95.35, 79.6
95.65, 79.6
95.95, 79.6
96.25, 79.6
96.6, 79.6
96.9, 79.6
97.2, 79.6
97.6, 79.6
97.9, 79.6
98.2, 79.6
98.5, 79.6
54.8, 79.65
63.05, 79.65
74.55, 79.65
87.75, 79.65
93.95, 79.65
94.25, 79.65
94.55, 79.65
94.85, 79.65
95.15, 79.65
95.45, 79.65
95.75, 79.65
96.05, 79.65
96.35, 79.65
51.9, 79.7
63, 79.7
74.55, 79.7
83, 79.7
96.3, 79.7
51.9, 79.75
63.05, 79.75
76.9, 79.75
87.8, 79.75
46, 79.8
54.85, 79.8
63.1, 79.8
77, 79.8
87.85, 79.8
48.85, 79.85
54.9, 79.85
70.85, 79.85
76.95, 79.85
87.8, 79.85
93.75, 79.85
48.85, 79.9
55, 79.9
71, 79.9
83, 79.9
87.85, 79.9
96.3, 79.9
51.85, 79.95
63, 79.95
74.55, 79.95
83.15, 79.95
93.75, 79.95
51.85, 80
55, 80
70.9, 80
77, 80
87.8, 80
96.35, 80
51.85, 80.05
63, 80.05
70.8, 80.05
73.45, 80.05
80.55, 80.05
91.55, 80.05
51.8, 80.1
55, 80.1
69.7, 80.1
73.35, 80.1
80.55, 80.1
87.85, 80.1
88.4, 80.1
88.7, 80.1
89, 80.1
89.3, 80.1
89.6, 80.1
89.9, 80.1
90.2, 80.1
90.5, 80.1
90.8, 80.1
91.1, 80.1
91.6, 80.1
91.9, 80.1
92.2, 80.1
92.5, 80.1
92.8, 80.1
93.1, 80.1
93.4, 80.1
93.7, 80.1
46, 80.15
54.9, 80.15
63.15, 80.15
71, 80.15
77.05, 80.15
77.35, 80.15
77.65, 80.15
77.95, 80.15
78.25, 80.15
78.55, 80.15
78.85, 80.15
79.15, 80.15
79.45, 80.15
79.75, 80.15
80.05, 80.15
80.35, 80.15
80.65, 80.15
80.95, 80.15
81.25, 80.15
81.55, 80.15
81.85, 80.15
82.15, 80.15
82.45, 80.15
82.75, 80.15
83.05, 80.15
83.35, 80.15
83.65, 80.15
83.95, 80.15
84.4, 80.15
84.7, 80.15
85, 80.15
85.3, 80.15
85.6, 80.15
85.9, 80.15
86.2, 80.15
86.5, 80.15
86.8, 80.15
87.1, 80.15
87.4, 80.15
87.7, 80.15
88, 80.15
88.3, 80.15
88.6, 80.15
88.9, 80.15
89.2, 80.15
89.5, 80.15
89.8, 80.15
90.1, 80.15
90.4, 80.15
90.7, 80.15
91, 80.15
91.3, 80.15
91.8, 80.15
92.1, 80.15
92.4, 80.15
92.7, 80.15
93, 80.15
93.3, 80.15
93.6, 80.15
96.35, 80.15
54.8, 80.2
62.65, 80.2
62.95, 80.2
63.25, 80.2
63.55, 80.2
64.15, 80.2
64.55, 80.2
65.1, 80.2
65.4, 80.2
65.7, 80.2
66.05, 80.2
66.35, 80.2
66.65, 80.2
66.95, 80.2
67.25, 80.2
67.55, 80.2
67.85, 80.2
68.25, 80.2
68.8, 80.2
69.6, 80.2
71, 80.2
74.55, 80.2
74.85, 80.2
75.15, 80.2
75.45, 80.2
75.75, 80.2
76.05, 80.2
76.35, 80.2
76.65, 80.2
76.95, 80.2
77.8, 80.2
79.4, 80.2
80.4, 80.2
80.75, 80.2
81.05, 80.2
81.35, 80.2
81.65, 80.2
81.95, 80.2
82.25, 80.2
82.55, 80.2
82.85, 80.2
83.2, 80.2
83.55, 80.2
83.85, 80.2
84.3, 80.2
84.6, 80.2
84.9, 80.2
85.2, 80.2
85.5, 80.2
85.8, 80.2
86.1, 80.2
86.4, 80.2
86.7, 80.2
87, 80.2
87.3, 80.2
87.6, 80.2
87.95, 80.2
88.5, 80.2
90, 80.2
46, 80.25
49.1, 80.25
54.9, 80.25
62.75, 80.25
63.1, 80.25
64.15, 80.25
64.45, 80.25
64.75, 80.25
65.05, 80.25
65.4, 80.25
65.75, 80.25
66.05, 80.25
66.35, 80.25
66.65, 80.25
66.95, 80.25
67.25, 80.25
67.65, 80.25
67.95, 80.25
68.25, 80.25
68.55, 80.25
68.85, 80.25
69.15, 80.25
69.45, 80.25
69.75, 80.25
70.05, 80.25
70.35, 80.25
70.65, 80.25
70.95, 80.25
71.25, 80.25
71.55, 80.25
71.85, 80.25
72.15, 80.25
72.45, 80.25
72.75, 80.25
73.05, 80.25
73.35, 80.25
73.65, 80.25
73.95, 80.25
74.25, 80.25
74.55, 80.25
74.85, 80.25
75.15, 80.25
75.45, 80.25
75.75, 80.25
76.05, 80.25
76.35, 80.25
76.65, 80.25
76.95, 80.25
77.25, 80.25
77.55, 80.25
77.85, 80.25
78.15, 80.25
78.45, 80.25
78.75, 80.25
79.05, 80.25
79.35, 80.25
79.65, 80.25
79.95, 80.25
80.25, 80.25
80.55, 80.25
80.9, 80.25
81.2, 80.25
81.55, 80.25
82.05, 80.25
82.45, 80.25
82.75, 80.25
83.25, 80.25
83.65, 80.25
84, 80.25
84.55, 80.25
84.9, 80.25
85.25, 80.25
85.75, 80.25
86.4, 80.25
87, 80.25
88.75, 80.25
96.4, 80.25
49.05, 80.3
49.35, 80.3
49.65, 80.3
49.95, 80.3
50.25, 80.3
50.55, 80.3
50.85, 80.3
51.15, 80.3
51.45, 80.3
51.75, 80.3
52.05, 80.3
52.4, 80.3
52.7, 80.3
53, 80.3
53.35, 80.3
53.65, 80.3
53.95, 80.3
54.3, 80.3
54.6, 80.3
54.95, 80.3
59.3, 80.3
59.6, 80.3
59.9, 80.3
60.2, 80.3
60.5, 80.3
60.8, 80.3
61.1, 80.3
61.4, 80.3
61.7, 80.3
62, 80.3
62.3, 80.3
62.6, 80.3
63.5, 80.3
63.8, 80.3
64.1, 80.3
64.4, 80.3
64.7, 80.3
65.1, 80.3
65.5, 80.3
66, 80.3
66.55, 80.3
67.1, 80.3
67.45, 80.3
67.8, 80.3
68.55, 80.3
69.05, 80.3
69.85, 80.3
71.1, 80.3
71.4, 80.3
71.7, 80.3
72, 80.3
72.3, 80.3
72.7, 80.3
73.1, 80.3
73.75, 80.3
74.15, 80.3
74.6, 80.3
75.3, 80.3
75.85, 80.3
76.45, 80.3
76.95, 80.3
77.3, 80.3
77.65, 80.3
77.95, 80.3
78.25, 80.3
78.55, 80.3
78.85, 80.3
79.15, 80.3
79.45, 80.3
79.75, 80.3
80.05, 80.3
80.35, 80.3
80.65, 80.3
80.95, 80.3
81.25, 80.3
81.55, 80.3
81.85, 80.3
82.15, 80.3
82.45, 80.3
82.75, 80.3
83.05, 80.3
83.35, 80.3
83.65, 80.3
83.95, 80.3
84.25, 80.3
84.55, 80.3
84.85, 80.3
85.15, 80.3
85.45, 80.3
85.75, 80.3
86.05, 80.3
86.35, 80.3
86.65, 80.3
86.95, 80.3
87.25, 80.3
87.55, 80.3
87.85, 80.3
88.15, 80.3
88.45, 80.3
88.75, 80.3
89.05, 80.3
89.35, 80.3
89.65, 80.3
90.45, 80.3
94.6, 80.3
46.1, 80.35
46.4, 80.35
46.7, 80.35
47, 80.35
47.3, 80.35
47.6, 80.35
47.9, 80.35
48.2, 80.35
48.5, 80.35
48.8, 80.35
49.1, 80.35
49.4, 80.35
49.7, 80.35
50, 80.35
50.3, 80.35
50.6, 80.35
50.9, 80.35
51.2, 80.35
51.7, 80.35
52, 80.35
52.3, 80.35
52.6, 80.35
52.9, 80.35
53.2, 80.35
53.5, 80.35
53.8, 80.35
54.1, 80.35
54.4, 80.35
54.7, 80.35
55, 80.35
59.5, 80.35
59.8, 80.35
60.1, 80.35
60.4, 80.35
60.7, 80.35
61, 80.35
61.3, 80.35
61.6, 80.35
61.9, 80.35
62.2, 80.35
62.5, 80.35
62.8, 80.35
63.1, 80.35
63.4, 80.35
63.7, 80.35
84.95, 80.35
85.4, 80.35
85.7, 80.35
86, 80.35
86.3, 80.35
86.6, 80.35
86.9, 80.35
87.2, 80.35
87.5, 80.35
87.8, 80.35
88.1, 80.35
88.4, 80.35
88.7, 80.35
89, 80.35
89.3, 80.35
89.6, 80.35
89.9, 80.35
90.2, 80.35
90.5, 80.35
90.8, 80.35
91.1, 80.35
91.4, 80.35
91.7, 80.35
92, 80.35
92.3, 80.35
92.6, 80.35
92.9, 80.35
93.2, 80.35
93.5, 80.35
93.8, 80.35
94.1, 80.35
94.4, 80.35
95.25, 80.35
96.3, 80.35
46.2, 80.4
46.5, 80.4
46.8, 80.4
47.1, 80.4
47.4, 80.4
47.95, 80.4
48.4, 80.4
48.9, 80.4
49.35, 80.4
49.75, 80.4
50.1, 80.4
50.4, 80.4
50.7, 80.4
51, 80.4
51.3, 80.4
51.6, 80.4
51.95, 80.4
52.6, 80.4
53.2, 80.4
53.5, 80.4
53.8, 80.4
54.25, 80.4
54.6, 80.4
54.95, 80.4
61.45, 80.4
63, 80.4
90.55, 80.4
91.45, 80.4
91.75, 80.4
92.05, 80.4
92.35, 80.4
92.65, 80.4
92.95, 80.4
93.25, 80.4
93.55, 80.4
93.85, 80.4
94.15, 80.4
94.45, 80.4
94.75, 80.4
95.05, 80.4
95.35, 80.4
95.65, 80.4
